engine_temperature,oil_temperature,hydraulic_pressure,vibration,engine_rpm,fuel_consumption,operating_hours,failure
89.96714153011233,101.19484349268802,163.12054312564047,0.710630930547131,1540.9519185105198,13.72872095393189,7305,0
83.61735698828815,97.39706946330215,176.38703323211206,1.9675379870645977,1790.6389533182748,13.639757674848438,2584,0
91.47688538100692,90.4770429593614,160.18950197500098,2.503673359894027,1805.405061613334,9.613070482109954,1954,0
100.23029856408026,84.82450577835542,172.300961759024,5.265225188808229,1941.7891037530217,14.009729424895689,3331,1
82.65846625276664,95.58578650890873,132.65963332615536,3.6678637494405097,1389.942491015752,17.198487245465234,2697,0
82.6586304305082,93.147883083374,185.33234268432346,1.3974221170801304,1977.7701821541991,11.177303642769616,7929,0
100.79212815507391,97.16154576022186,180.0301368840556,3.5832435473011643,988.6825105191674,18.145447953151777,8286,1
92.67434729152909,95.08137441345576,159.57278422329523,1.1432352132739614,1611.034634290857,16.463324463253013,4083,0
80.30525614065049,98.39642172255468,196.48114171081014,4.299229264664488,1653.5178472645366,12.797300034086886,7063,0
90.42560043585965,85.71811830751545,203.43925344066395,2.4346504178185455,1989.9980478213715,14.575411087986458,6784,0
80.36582307187538,100.5391525250746,139.81100339077565,2.887636573512995,1806.7892558030608,19.7949654229231,756,0
80.34270246429743,91.5807968375392,160.93188053584464,4.590955977050628,1378.331083843114,17.2006434405176,7843,0
87.41962271566034,106.60208698100212,160.77144125531754,1.4554037176989,1504.5020622548955,15.026350964694444,6939,1
65.86719755342202,84.48649745528346,156.5024224722784,1.3234581778644106,1859.6040028642221,14.286950049117047,6412,0
67.75082167486967,103.887710425322,200.73687104829372,2.299680808384794,1776.279797440633,15.229827211354978,8038,0
79.37712470759027,91.58328626770118,175.1543465306799,4.24605462122318,1626.262767109276,13.46470932617309,6276,0
74.87168879665576,84.78865597108441,173.38712896723473,1.1767847094277892,1655.7498631464061,8.685751482842957,3385,0
88.14247332595274,86.12891332756543,129.90344088983116,-0.3985867177326825,2008.8503991477867,21.12653373160419,9877,0
75.91975924478788,87.43722153444544,195.88545075523066,2.4586093699092015,1644.6922281392356,15.465974997598204,5659,0
70.87696298664709,93.39332757121534,149.01854012866318,3.6620889598931043,1773.572626791278,16.194441795367613,3663,0
99.65648768921554,94.18268390428399,181.4983157566582,4.440314099686595,2450.9809764241627,14.826276750369274,4684,0
82.74223699513465,85.41039996849136,186.9344234489548,2.4442063654975215,1372.8952089348231,12.794649597826236,4917,0
85.67528204687923,89.80516326191214,214.01646489596627,2.506288071460797,1244.4471805276025,14.442226557153688,5141,0
70.75251813786544,107.13816286889491,147.2794900220222,4.384680881106897,2035.0768994395821,10.201815713417066,6282,1
79.55617275474818,103.82034536080569,104.51219610447937,0.7563099603654955,1596.407081611769,21.831259494159916,8126,0
86.10922589709867,93.49058935739225,184.59623861884236,2.533775069780389,1704.528741677214,11.296464004732812,3344,0
73.49006422577698,90.3040278253456,225.01277953777134,3.228508667910069,1565.6530865606658,11.904101148458462,1140,0
88.75698018345672,90.96025061374608,210.97365882348595,3.539062465542041,1722.0599577697462,13.679222386840799,2373,0
78.99361310081196,94.90814378184334,185.24148538186566,2.388231968170941,2279.5614336289023,18.864227174557133,3729,0
82.08306250206724,81.81765947841275,167.7090953591988,3.0413292140470096,2040.6385375854359,15.043526997787962,2214,0
78.98293387770603,87.94098770061323,200.17806491593277,0.014007175904412694,2058.6670535660933,11.291592611908612,7464,0
103.52278184508938,76.65132740897928,155.6613450073883,2.210101905199382,1375.1318832622064,18.76301508227202,1777,1
84.86502775262066,93.19378498084224,191.9089442339055,3.544210455065361,1454.6538790341392,17.193001880356444,3194,0
74.422890710441,95.17756751762192,192.63675397916566,1.8212471588943846,948.2764021543719,16.615304871649357,9290,0
93.22544912103189,86.13450830160501,206.50524768747198,3.070781065907517,1557.1857536751738,17.14720272351252,5973,0
72.79156350028978,102.59189410632027,248.99150097277695,3.536247000963238,2087.0109559156977,22.183085701747352,2384,0
87.08863595004756,80.19387469598126,189.8103991794692,2.588940958970682,1955.0839547245114,21.555284685108337,5152,0
65.40329876120225,78.28500095832143,167.27590935731254,3.204556525195885,1733.546021114363,12.939853970990114,7162,0
71.71813951101569,91.79561454847978,179.36064219520014,1.8447209216584652,1793.309914884584,19.871654978433455,1689,0
86.96861235869123,98.37678642089723,135.77310237777203,2.752066464364744,1593.3343372273785,16.1495045692767,9453,0
92.3846657999541,103.47142153166295,162.63217172277353,3.732259403507067,1861.4276647205352,16.49728744841325,2620,0
86.7136828118997,86.32892589704848,169.7679390471724,3.188367553162121,2029.7634838441845,9.923187505070015,4748,0
83.8435171761176,98.62944666745037,166.89779005163518,2.2961624765232775,1315.2339637768582,14.488842703835411,5829,0
81.98896304410711,89.69193224399434,183.80887180084304,3.2690596851489517,1889.8943063512045,12.561529228990306,794,0
70.21478009632573,88.61898160047345,159.43950169044498,3.8575317487639413,2079.7304612864,17.484176444679928,7907,0
77.80155791605291,97.06927949989338,208.02576668311178,0.5400704657070263,1675.469913310989,18.213241501208415,3783,0
80.39361229040213,95.21858302730736,180.00517662295493,4.390888877947077,2010.210183636175,8.776540946951066,6804,0
95.57122226218915,77.388862744126,179.76749197153464,2.5964943135827134,2644.396333341766,14.933895407987189,7468,0
88.43618289568461,101.81232279780717,171.80263208717705,3.5105879198882763,1768.6971621039324,18.365584514382757,2071,0
67.36959844637266,101.04073083317961,183.87976709647447,4.436696308374273,1917.992115001597,14.439963113059665,9795,0
88.24083969394795,84.99549838792376,200.62745661669086,1.353991563323441,1578.5828749015825,17.187190935007095,8155,0
81.14917719583684,93.16642826749927,158.3217446072275,2.148670797086944,1854.375348780615,16.05349640288125,4318,0
78.23077999694041,93.95224149026191,163.5470877731186,2.6537415649491543,1938.0814874946911,16.024980695857877,1968,0
91.11676288840867,92.08539012659125,172.40684928058337,2.059495774650686,1858.4527020810415,14.186055065795108,1771,0
95.30999522495951,85.59755876923664,146.35322691316964,5.08192389100417,1494.091404087343,11.350257587592871,9374,1
94.31280119116198,84.62701305649558,159.51855350696255,1.9718734874078487,1861.9085313976352,11.635409557724918,1828,0
76.60782476777362,89.79556743206844,168.09447816138353,2.33334386461576,2238.658781615291,17.12805754336595,7732,0
81.90787624148786,99.38183215407491,201.85972951781818,3.2452668379235723,1934.5907293543582,15.05837476655665,6503,0
88.31263431403563,94.34880123675546,186.56403322504812,1.5574205687086935,2088.5961567215522,14.584463266178325,6192,0
94.75545127122359,87.03508534331115,184.8397477841886,2.525183145892483,1728.8964089962117,13.728329873032942,2242,0
80.2082576215471,96.17358968518676,201.2724490541993,3.38094391350021,2024.970071827113,14.084433463557744,9440,0
83.14341023336183,67.2116590349594,176.56570529001507,2.6005675147409866,1883.7803514649577,18.140735383464417,6284,0
73.93665025993971,99.19012560297682,189.76162124822224,2.887935769320062,1514.7267810938304,13.99426775439592,6110,0
73.0379337591933,76.0822897697752,177.4194561766876,2.364801465061955,1895.5563014396623,10.976805860095293,353,0
93.12525822394198,87.10047246877494,186.6340587349907,1.1826356289830797,1502.491000967907,17.23095532662052,4202,0
98.56240028570824,81.04264084299085,165.43103355971044,3.3859118536070865,1610.1359175345624,14.385370008405848,3642,0
84.27989878419666,79.64254819423276,119.02957104308928,5.10591968597669,1856.7984921877123,15.09418759659833,2875,1
95.03532897892023,99.28661429902816,176.64302094534239,3.022081956940126,1889.173282014037,19.82273491919853,7778,0
88.61636025047635,86.25839038950487,215.5687034024985,3.2703169406970596,1443.2302604768613,14.938318327948478,6312,0
78.54880245394875,92.77203105384572,203.15538505603982,3.8312673061402314,2116.195731354863,15.867551019356176,4737,0
88.61395605508415,89.62463536896652,204.13493711477926,1.476803404143961,1971.601883490142,11.463229526105025,6134,0
100.38036566465969,93.81632661778497,210.90326804515544,5.043017589755527,1588.581469316735,14.34099164294712,8557,1
84.64173960890048,90.61457512848204,182.21643977403593,3.2427945557073623,1338.7245610652474,16.828578135625804,6576,0
100.64643655814007,79.73606220649144,184.93289268513988,4.9582282789069305,1756.5286262755706,10.333878798476274,3248,1
58.80254895910255,97.97013455557712,164.55870261414125,2.120360405371213,1666.216885841652,15.602535279347128,3459,0
93.21902504375224,86.0499473347095,172.09817859932375,5.18167430706939,1833.942137115907,15.302373217934418,1104,1
85.87047068238171,77.547344810722,195.39427874427855,3.9301865928417397,1691.06500165333,15.123862366762317,4817,0
82.00992649534133,86.5750787122727,210.0971109292204,3.66364810302283,1197.762941776497,18.11147669597473,3371,0
85.91760776535503,102.00607832507448,176.51384310797502,3.2808293452237773,1683.4959185096525,16.003315544545565,309,0
65.12431085399108,96.80177393690795,168.7452683787147,2.7017656583106606,1708.314266679506,19.434215695069334,9179,0
82.80328112162488,87.21078292473713,180.01319897141494,4.440637990168647,1990.0983074322176,12.019231453217891,5639,0
88.57112571511746,87.20593836545257,195.03016872322786,3.168431843817656,1590.5400976166852,15.407773701655044,253,0
99.77894044741517,87.42691959026094,143.90362959666146,0.6395163556954175,2303.6024020117698,15.253400359169841,3693,0
79.81729781726352,106.61398386848673,122.59547617156905,1.659376245951597,1226.5078348044729,11.79223651873476,8706,1
76.91506397106812,93.05548361785243,166.23657876271042,2.776985097368703,2193.3502493407873,17.868885006274038,1384,0
79.98242956415463,93.44033317752856,149.48218935214604,3.371998779798666,1732.7043087365685,21.974019917558454,3248,0
94.15402117702074,98.24226763225474,167.29649505881724,2.932093813320125,2057.875461703067,14.948981776548507,868,0
88.28751109659684,91.91031327221211,176.30549202956323,4.462764947752396,1823.94044521762,16.5150632648213,9274,0
79.70239796232961,87.92766283343437,168.66878977442465,0.6586777631536505,2141.866660807641,15.253555427445981,5707,0
90.13267433113356,88.42920120732018,216.31168836176863,3.1723055238061924,1683.7914106341566,12.859245990278472,3302,0
85.9707754934804,89.42718992468748,188.168619115058,0.8184249295354142,1470.4138724466563,9.537719166593952,2887,0
94.68644990532889,89.70222210792127,187.5118589902707,3.911654754581002,2226.151286181319,12.882679550713904,2310,0
77.97946906122648,95.82103634909583,195.55517860108506,2.8866495426695966,1765.9558062353576,10.824124857144806,9330,0
81.72337853402232,90.4155670864584,151.52917205548079,3.503531966428942,1866.4675420872632,20.112306234177353,7499,0
81.07891846867842,95.86112061772464,205.97779468550672,1.9633404472922806,2170.4255742134387,14.654670918230282,6438,0
70.36485051867882,89.35426735913134,178.1058928366135,4.535357917989302,1490.4134273716695,13.962242012858487,8833,0
87.96120277064576,90.62908152252872,196.7620154310303,4.250069596870621,1978.6472692917773,17.667461474363417,458,0
87.6105527217989,74.01439452374314,153.20356917399613,3.7002531636142653,1623.0315730611328,11.634746691432337,949,0
85.05113456642461,97.33062139761985,141.15603084959838,2.844579303763871,1760.3491933066884,12.699407885986343,7598,0
82.65412866624852,92.77190780718394,200.4472414506257,3.6958287423541587,1821.6836896152868,15.204216807745864,4622,0
70.84629257949585,97.98408087887722,189.41023815243793,2.1517289184151815,1349.933441565919,18.086306974270443,2644,0
80.79354677234642,66.82995697445048,157.44871114106223,4.026666790824854,1566.3488871538696,16.505055135506364,1931,0
81.57285483473231,106.70699763824582,158.25842296813263,4.979377073188705,2205.321867723942,15.744975427547647,1572,1
76.9772273077838,88.88328297475861,208.13586961036924,4.284732671975023,2065.8573565754386,15.234353205708048,9728,0
83.3871428833399,98.86546253390013,150.2647026783168,2.1244770362311085,1781.2081268018296,16.200707566580327,429,0
89.04050856814538,81.68075258299575,221.0668238313991,3.4337007807277233,1872.9370375538679,15.604958715387763,5951,0
103.8618590121053,94.90219124050056,157.48448163380328,1.4482301474896226,1711.7272483090628,11.910083175669193,7132,1
86.74577812831839,81.57267549461075,195.95979814020959,3.6868683734108108,2206.9750157483945,15.138237664899455,5366,0
87.57550390722764,85.00984831443355,171.7845381062754,3.5407240954350465,1739.8942266617507,11.778934023246743,4454,0
84.25554084233833,105.31225083093429,195.0796857770586,0.7562203925614033,1869.5526276404544,15.243247628702472,6535,1
65.81228784700959,88.47454079389323,166.39714994714518,1.6058593873051634,2143.8090432426197,13.558056175535276,8078,0
84.73486124550783,91.73946298543778,175.93017734819264,2.6602333239074794,1566.788554546228,22.618144868348583,4338,0
85.60230209941027,96.96054184551004,181.02297938489303,2.6389683034310085,2267.636755349068,14.880316848744863,6212,0
109.63242112485287,93.96545510378084,154.94531360546318,1.5486276774974337,1340.861577076987,10.787281301215234,4822,1
83.07639035218878,91.20335124114861,198.52060863550315,3.4667744752226204,2288.8926393338397,14.597459367969225,1488,0
88.01547342333612,92.9196880197298,167.16966083821038,3.3017683307286143,1688.1973248144077,16.558076236913664,4285,0
84.65288230294756,109.2273246819062,174.28500211649953,2.7668770416257766,1727.1903756524155,20.02009183845757,9011,1
73.31321962380468,89.53904962373132,155.1412656347872,2.0930501998099644,1232.9969486451173,13.231642800183845,3335,0
96.4282281451502,91.60879237371974,115.94165853011724,4.2584485516998765,1663.561584786692,10.25271607792908,4676,0
92.51933032686775,98.4052351680609,175.22430593499578,4.986488535705954,1488.0580406919348,17.450511034292944,1200,0
92.91031947043047,98.84420746366388,240.3153855403229,2.4197262193841556,1617.7060963879583,10.858203882301046,8964,0
75.9061254520526,99.49624244448304,199.61510719745058,2.265399699414215,1758.806710263336,13.691533675477546,8808,0
99.02794310936099,95.10984177623348,179.51849050664012,3.5894491984943953,2087.3374843418715,14.227138543467017,2632,0
70.98148937207719,80.85596069815614,173.4277292697933,2.5703647443036166,1862.2810054201877,14.791099640099675,7870,0
90.8685709380027,103.06745225840876,180.56164732030115,2.832723359204119,1892.3029960203341,17.06749337122301,3770,0
106.90455625809979,80.8292368558505,193.67797787938025,3.8875837820696058,1471.3441833463312,12.949097153140837,881,1
75.09463674869312,92.42108372191227,150.4796796172789,0.7087726949912487,1535.773773119181,14.178812243499717,3623,0
79.33702270397228,83.96579319984514,207.8580423667218,4.581962789823203,2339.6175055053936,14.957188941151834,6231,0
85.99651365087641,89.48689322725606,197.8845328860311,3.0872166291952094,1579.439689571026,15.448793872556363,4882,0
79.965243458838,92.63009928242785,197.95464314269836,2.5062082265253838,2296.8624756171885,15.293481524123768,9881,0
69.49336568933867,92.57085772360219,190.96189347024318,2.8929190149342614,1727.08164033574,16.30801732566774,5095,0
85.68562974806028,93.37536603388227,180.49041644234975,2.9549152260246223,1800.6863808430512,17.53151852892521,1601,0
74.37696286273895,102.90969015246918,196.8215308991705,0.9225584358660894,2121.109548068979,16.177902346952905,3180,0
89.73592430635182,93.62827441211184,194.79535334353446,4.793925872943883,2181.567726581597,16.360756570527656,9368,0
75.80575765766197,88.04674691767481,171.1489822264744,3.049590758724742,1766.7562319162737,10.253330499760567,9392,0
100.4993440501754,97.71269734630685,165.65995567757747,3.5316025565368503,1683.5270839435384,15.15068309749704,602,1
77.16746707663764,99.51576391139713,182.54640738154967,4.141859724688851,1783.223865443336,16.438522644004827,9631,0
81.77938483794324,80.17913747890407,218.7255037873797,1.7746050509276399,1901.3872584696355,17.18682358371135,3985,0
93.1351721736967,94.77920055879886,149.02232310865247,3.5681662788422743,2067.3911060609266,12.922947677298618,8109,0
72.69135683566044,95.60938193848719,143.311868356189,2.6788306909214477,1801.2689576982455,13.022882175334065,723,0
87.2745993460413,87.61949197312006,184.1190210309129,4.016124930259792,1985.665889406946,13.277697974149206,1150,0
98.07142754282428,101.00565450649296,181.27219254640045,0.4473270955782058,2291.507919681282,16.60924169967403,7485,0
68.92516765438772,88.79955530373978,184.3335416092602,2.8810868397104774,1914.3928836794355,18.101643164772625,6181,0
86.84633858532304,91.00461162777233,186.09882994771252,2.2766152130592463,1893.4958568014335,13.777619678125195,5584,0
87.59882794248423,88.61542540572904,174.41994363412988,3.5187155407609865,1344.3267524729797,17.723886940881147,3872,0
92.81822871777311,90.12463238065175,217.24658596505205,3.5640530248418427,1010.7809589512809,15.370439427493782,4016,0
72.63049289121918,81.22979930483838,139.97740053808712,2.150848926213569,1916.5127187690505,14.627142668512692,4118,0
71.79543386915724,78.47959293924565,159.28757438049385,2.1453913629887476,1771.5527306157383,14.365847310546092,1429,0
90.21941565616898,102.75604050579977,177.4186309962738,2.867201557731205,1645.5651975255773,17.239834093806472,4214,0
87.96984673233186,83.22430921345338,138.92027972114582,1.9240293272217504,1873.0590612559033,15.97673345036121,3467,0
87.50492850345877,82.06886120434955,175.60363988919823,4.010380434542553,1781.8788812409275,21.82747628294291,8195,0
88.46448209496975,72.77287909117028,221.53675414320045,2.5569513594630644,2138.3340751901696,12.443326071008027,5241,0
78.1997527842151,84.88830601848399,180.52216220739905,-0.48838586318596944,1825.8332604776933,16.554305106089927,4051,0
87.32253697161003,79.41528165274002,185.7675226429671,2.550213532053833,1575.9230144789497,13.412396970565462,5184,0
87.93072473298682,103.13612128109095,148.49588087068548,1.7537474149872332,2097.049871687787,12.392139039034069,1673,0
77.85648581973632,98.07853671474108,164.59096479901305,1.0424690214468655,1734.8606775161393,14.967398588895083,2734,0
103.65774511144757,84.49479723857822,170.62009049190158,1.5150880341329132,1957.961005101692,15.412057438221108,2868,1
89.73832920911788,108.01948644275447,172.05712258109415,3.1312901661995642,1656.7767881421598,23.754520665180276,5402,1
73.08696502797352,97.85412389593276,212.04109487509422,4.594368993897877,1605.051934350769,14.447562552950394,6350,0
91.5655360863383,87.40134893193103,193.94227651812812,3.375821368637976,1825.250469055709,11.60946381154595,1311,0
75.25318329772679,70.00475428101142,152.2135510765742,2.2721959341411124,1803.8485930631055,15.819032152483157,9067,0
92.87084603742451,108.32754058072594,186.16261946080013,3.5470850342048434,1943.94811061005,8.776079887360895,6055,1
96.58595579007404,78.88342026589123,192.45554371241963,2.44909162773721,1719.4062740070772,14.724129652187202,1260,0
76.7931768164829,76.83681002434487,208.50372596303166,2.1664795570042266,1249.0920648688807,15.048075846885482,6077,0
94.63376129244321,98.18056345607712,219.51351716420933,1.6147647981204187,1670.1678349234835,17.383801148835634,7141,0
89.12780926936499,109.51801925071419,154.6226452043033,0.8978054318979369,2038.1455401431447,17.92086674828354,2483,1
93.2206015999449,101.07418254808414,159.72856221974155,2.5320915521286658,1710.7871762270681,13.489291143276848,5976,0
103.96792982653947,94.51127296041888,148.5605535271346,3.189664187904158,1726.0849792456356,14.5481579561102,3640,1
82.5461188399713,94.75803473332229,174.14950352232546,2.8840515959821325,2095.912951771781,12.701637508167988,4735,0
77.4626383564251,96.82732447024246,191.65895936115837,2.50083968646317,1586.4080318223232,11.61581233557692,1195,0
76.10485570374476,96.07142871829411,204.68336291472755,1.8651047271638628,1337.1590345271302,15.929684338141904,6001,0
76.84189715034562,92.249531391755,178.10122440893693,3.729895430021962,1751.8106641423517,11.179243354210202,8315,0
84.22898290585896,90.83360883161501,172.0038119186289,1.419441696064098,1654.7478146253789,13.75611929828441,1179,0
88.41151974816644,89.49925497680383,183.7939498062185,3.9312334966121703,1510.1261040740237,12.014478120302288,8470,0
87.7669079933002,83.96828328906659,159.12142745924942,1.7973395772879304,1747.3864632303928,16.64904955887078,2947,0
93.27183249036024,87.7545993850658,232.23846804236933,2.097077715176358,1947.451694174035,20.404290297799463,2060,0
85.13001891877907,76.45634548643692,139.80847432204854,1.2398577712611876,1797.2134315296553,11.095236051590007,1573,0
99.53534077157317,89.213282985642,184.61851447239312,2.398317423737236,1892.0943218058712,9.440944551307293,4988,0
82.35343166762044,82.09127114279266,230.59015548074098,4.170374950173574,2344.022309554627,14.625339343949797,5079,0
112.20169166589619,81.17128546227383,180.16999611399996,3.6187537061327477,1697.1363415327307,15.047093387873275,1312,1
91.25667347765007,91.43915320922783,175.24902412496263,4.174106534433642,1883.5045903934008,15.655977920271893,5797,0
76.42842443583717,101.1360182907568,171.0638644297393,3.626571055120723,1647.2359912202596,13.661038454296966,9101,0
74.29107501938887,97.3465328480185,175.4902079559398,1.675596205763557,1546.0920840339081,14.398082103523704,519,0
89.82472415243186,77.43599517101458,214.32121186691325,2.603052930806931,1624.527703974669,16.102531231621807,3759,0
82.7653721467415,82.0829749074373,124.70345221676233,2.063761045059045,1656.3724285434935,18.121292677934516,5383,0
92.14000494092092,97.52616950390572,218.33584253240815,4.596689884846848,1907.8427392641377,9.134853689045151,9570,0
89.73237624573545,82.14010085169352,144.40107118874636,1.5638536242884262,2504.722736010227,13.893181682905613,9732,0
84.27171087343127,88.2029348000238,173.33369176913962,4.072437227266933,1585.1869691172478,15.641426381823191,1440,0
76.53206281931595,94.40041679219641,169.26888949253345,4.0715446441305225,1675.0124083153612,12.246071686167792,5237,0
69.85152775314135,82.25324436109092,194.713831744268,5.195544242059304,1781.0630960666256,20.1935088953019,5289,1
80.53485047932979,90.84300404916767,140.0468912029063,2.508376088844603,1918.7396546129241,13.093770359313789,1461,0
93.56398794323472,79.32779604065436,191.55431665204858,3.8547865914961945,1879.0652435864354,14.876121938978152,691,0
87.14093744130204,85.18905884839029,230.60774058217132,5.737982203846611,2185.2287381844353,16.668066290526873,626,1
72.54261221288012,92.55825547314029,145.92064988517973,2.258829987679564,1072.0823788394375,13.226145633594317,7955,0
86.73180925851182,77.25605013174665,184.74265419025988,1.1579517029611686,1083.9210389412983,9.460280856586749,1392,0
88.85317379728836,93.52379790368319,163.45044555508477,0.7439879593106835,1651.2365483969552,13.7140364192504,1754,0
76.16142563798867,89.84289760858655,190.6471801548259,3.8552544346335975,2129.1900562631126,18.088321667781123,287,0
86.53725105945527,94.41991963533718,180.4786944353938,0.7402197503296994,1330.3055905183212,13.989314619644585,2858,0
85.58208718446,91.7913130725173,163.96282727389226,2.5532171364744927,897.7102980918728,12.460697095623065,8820,0
73.57029702169376,100.91312343979075,192.19680712177686,3.5247758244467526,1971.3538218657627,17.777016628508164,8725,0
88.57787360348283,91.00179602118325,225.10870274466856,3.222210644195897,1873.0971671108143,14.007675311930843,6531,0
90.60784526368235,86.56475567099798,175.22740520681754,3.510533837021007,1472.937477960171,13.469517559049349,6137,0
95.83051243175277,90.97838002425827,197.99394855370454,3.2667478269610246,1504.3381197837211,15.44836826898993,8594,0
95.53802052034902,94.3463842322911,147.66817605322092,4.534638975976072,1509.0768841095978,17.31225062885636,4282,0
71.22330632042909,90.39088056260563,156.08909057954978,1.8572203431134438,1833.1605952421821,22.14514059519764,7073,0
75.62174960084877,90.32473352963106,191.81015694700943,2.1876058338497626,1612.1054171450978,17.48170832297227,537,0
90.1503526720866,84.38406649754596,217.10290071339912,2.0728086656750113,1948.2191756926559,18.479519899165034,932,0
90.1378595091221,84.69679265959242,188.8903337196415,3.9962301742351323,943.6120011286827,13.482101403036435,9088,0
90.15047686306048,78.77915782560245,172.17354923692113,4.080478306074077,1542.9444404616602,11.92239568209157,8851,0
123.52731490654722,103.99661394549551,179.98228513558385,3.54147038318221,1462.183811726685,15.186994048857368,9053,1
90.70890510693167,80.04909411686972,148.73980665075706,4.420192400267913,1723.0977964882522,15.321509745778789,5894,0
96.35565640180599,84.45675841763274,195.11288315888416,1.5863509591483431,1638.5856724529585,11.76446177590621,3674,0
94.54001763493203,84.25274187544642,202.05832655808524,5.000668933861364,2039.35313396873,14.474116410287962,3885,1
91.51391251305797,97.15939501555553,168.697741679173,4.82788634605471,1242.1989685019828,16.197952805157392,5320,0
81.84730755359655,87.64040257366378,168.24894630601247,3.882746396694896,1813.6474428992256,16.08118018505424,7850,0
92.58969220493267,99.98193658138987,186.6469557413012,5.138158690525271,1967.5009269635116,16.512863560152816,6918,1
77.27174785462428,84.61207500604905,169.08200659898512,1.0120521507866715,2356.9942309685866,15.872894190412328,784,0
82.63181393259991,92.23195329779041,178.34668463435443,2.3706622364848178,1655.4702086719574,13.478974022189833,4333,0
80.14636452170896,83.31722357392194,232.49304472916288,2.117635847181657,1897.337581305755,13.45829812005347,677,0
85.81874139386322,107.1611930221871,173.8243574813501,3.865775188508812,1258.8411622312906,11.403145806018372,8107,1
108.14658566673509,80.4992126477639,171.04149619946944,1.7398311124774253,1082.413138706093,20.354325117555284,327,1
66.32734807408252,92.47856568181622,163.81145485912103,3.9089941792049827,2053.43231273451,15.040351093857879,2428,0
91.86260190374513,95.07021504745678,198.60479928749842,4.644643372796056,1798.3319119055789,14.325440832615444,2831,0
68.87284128810349,93.31039277961199,175.46939566954742,3.834243480100799,2153.553806939527,12.213623755642624,9119,0
80.28068134210567,88.51769872897833,163.76567404196436,3.3405012283938014,1387.9791333090752,23.806973706983335,530,0
95.88950596967366,88.9614344021326,213.03260080682531,1.814551990919101,1955.9706418586256,11.780015903331314,9355,0
85.64280019095463,90.35049177583288,215.49007511284094,1.9837788406495624,2360.645352163156,13.71345622318178,1809,0
74.22255222070694,88.8239839869721,164.98941085653237,4.4995426863559995,1925.9116825071796,16.24751050885818,5882,0
77.84696290740033,97.71103293435928,133.33650121598458,3.9352188046863987,1882.9744516773146,16.800638897232833,1334,0
91.79597748934675,107.68418401273081,205.18784224592306,2.953176576746947,1802.566824247305,17.87379616564705,8593,1
77.69633368282864,85.54006571993733,162.8842543559999,2.4985085450809312,1328.7355628622263,20.42282552330779,5305,0
87.16458589581976,79.04157616336738,199.76563997906922,0.5690305522663479,2206.6718807131047,16.518472966382138,1520,0
85.45571839903813,89.29374361318996,130.7474045572041,1.7149770975786736,1616.7427080584803,11.831907600099997,868,0
78.48399652394183,110.63767470123454,202.31493345748274,5.2937029045676685,1951.3449769149051,14.229164624634656,6134,1
106.43944089325325,83.57060345624215,149.72070176798047,1.4634533147970399,1331.089708028624,15.923497117541654,9696,1
91.33919022318011,103.11293444355255,198.2691029766631,3.2273757854652967,1446.162100647666,21.20467812451747,8735,0
64.74857413342393,103.42160651261153,180.35682669591085,4.208932767834238,2230.5262197666707,10.80658356472711,3204,0
86.86454314769428,85.57129406633604,156.15151451508387,1.4940927983972492,1695.8093133126472,18.607729515675683,4455,0
78.38213535231613,94.5518646334822,169.82409217683048,3.2216525697372997,2235.9826428127635,15.53974310863925,3405,0
93.52433334796224,103.0271729850283,197.15796142391753,4.125498645012786,1776.5308022824447,17.513491605688444,1638,0
77.07479261567299,86.9669780721001,182.64736132788084,3.0149991862887005,1247.4306681126427,14.694015850092203,1431,0
83.85263558533102,88.37135711918111,194.6103245118121,6.442083666800122,2067.620279919516,12.472702109621022,8268,1
90.04987278980457,85.34655268841085,229.41101461288713,0.9976808893461659,1623.0323046733176,17.252618338203995,7039,0
93.65755194170121,81.88194615445707,140.8939597072237,4.270474235860655,2009.606644055113,16.963293081316863,8361,0
72.99703592944223,84.80577963947195,220.43031437421558,2.7926379151242426,1807.5632602620246,17.916170897219168,5658,0
81.65498764159051,80.20847786590195,182.60889843808033,3.92630418580401,1337.064531617139,14.960086093864094,6044,0
80.25054688839043,90.27266774607381,157.53039879192178,3.529568582039095,1849.2884296111706,13.200533930040452,7226,0
78.46670767426288,83.84021415153086,146.74215935652526,2.1202125634680042,2458.8669426458396,10.323639014928474,580,0
102.65454240281096,91.87028729432598,175.27199023057418,3.2747956709512085,1947.8959375543377,17.458119804418217,5363,1
89.04981710960955,77.55283483037098,203.0412527981115,0.7705182583220553,1782.744674098361,16.271668447331958,4194,0
72.39116045664954,92.64704185771566,176.81127199056164,3.7238970006856724,2122.6030205870693,12.102652101408122,6267,0
94.17861947054776,96.6682316928714,217.7788732561837,3.3577901591886308,1863.2005395609333,13.384278980110128,2893,0
106.22156197012633,74.05011485942836,143.72060774871102,3.7663922023717227,1862.8602690788382,13.599723564145679,2992,1
95.32465260551147,92.99245255878057,179.69777630384863,4.26974199010458,1472.5124483522693,10.551046704052744,1298,0
69.80630034045987,99.82135193978634,148.69016388967202,3.441143808251653,1870.1544077368794,12.5469528101846,8111,0
80.15765927133748,80.32287185047036,189.0907970656242,3.1777073037579315,2110.633024925083,11.598508929580937,2472,0
97.66911149186623,103.38057909470163,202.1721847524325,1.9427179960064493,1549.1813543699925,13.76256296433619,1992,0
77.92330534381219,93.35215207492836,169.48095515797365,2.1453350836211387,2227.3487463740844,12.783907505011312,5890,0
89.43819428146229,84.35990515393273,114.89465358432165,4.424081544212797,1772.4881927564622,10.118985237399754,1983,0
92.74634053429337,89.55384737873835,184.97370366991237,4.723602486847174,1533.6691465384379,21.067770691708446,5567,0
75.73069528421917,94.46661530017379,190.91846379333774,2.714267476425535,2099.2896230760734,18.75762219308769,897,0
84.404746439382,90.6080431312993,190.10736887404244,3.055203296703929,1713.9617292785192,12.662941735440043,8309,0
52.58732659930927,94.31004793957095,210.89455479555386,1.9144627500074807,2027.8544662458323,15.817264189960829,8335,0
74.7561235866571,82.63461125536507,153.22365800877378,4.407308214320934,1712.472410322439,16.252395269463886,254,0
82.4743184860684,91.35488659228862,197.00540263626124,3.7985001884301344,1782.052156941029,18.57325756432043,5062,0
72.5221681803515,78.69028402476016,209.8126878119494,5.329460923756499,1948.0680613002874,12.544184920019763,4180,1
101.32411303931636,89.1101915092104,135.53531039983707,1.9460123073843134,1887.2691172770017,18.276320351947277,8150,1
70.69858622039368,82.76873886828169,187.99129564797443,2.5463905211781395,1201.3404658644786,13.356284087379194,6047,0
80.59955513303017,84.11576045928187,167.3955042248082,3.277735107030687,1463.6268779716825,10.99241278749416,9717,0
86.30740577286092,99.8887454016835,177.96193317245886,3.775787445270925,2078.8229954372446,17.17240967794349,4420,0
99.41273289066116,98.73048096475415,188.69191208845842,2.7411988349428413,1760.3590233295358,18.872275272367283,1992,0
70.6413784882056,94.87310496725742,167.8192858971612,1.9524466914555596,1642.8806091685735,22.763726920592056,9189,0
96.63163752154959,81.26149788261937,163.10729802095972,4.057689034708285,1392.4277954227578,11.40082420472936,3524,0
85.10233061019586,87.46873240244159,180.85381043720062,3.865362435054698,1476.0791036172454,17.096759055242366,9550,0
75.18491348952048,99.70478159983347,152.81885152842995,1.9004710793235302,1193.460408011416,13.7705962686194,2115,0
89.6210347426327,91.13373530911923,152.85437177787037,4.626531361326595,1769.61578438954,17.350076131572095,6773,0
86.9905969557347,108.55463631985356,196.98433207391258,4.4042384510359245,1620.4687258256859,10.588531346306247,6132,1
78.99783122841205,93.14654271515498,151.2801491210336,3.1611557966973516,1510.0236327044054,11.211690672904307,4933,0
85.69802084990019,91.53639293192025,196.6578125227303,3.0955174348512435,1779.562972449614,12.672375530500549,9994,0
81.14686403138239,87.52706828637999,191.5647823213488,3.6648693253390885,1909.1911892558214,15.236892137004254,9165,0
86.13517345251248,91.06832723825826,136.8548317802351,1.9659563156924902,2427.9593796629833,13.076756200384933,665,0
91.62130674521046,88.78024130895565,163.06088369160864,3.0360377749968985,1346.434974131036,16.977163031740258,7512,0
100.86016816145352,95.66486941350873,209.8527350761843,0.41713974646898366,2147.8143129901564,18.080683854773742,2118,1
72.62184501173151,97.65361853435667,155.47086172150796,4.051746774603522,2091.9304683045216,16.79873262373607,2414,0
106.33033374656267,83.71208431593641,168.3898934422653,1.1262081330697689,1566.2721781869898,19.856362918982605,4512,1
65.47912200477498,79.35013637153777,191.5515223312974,4.804103794114798,1860.9707863758092,16.24747988836603,3983,0
83.48214904964416,75.31035701517362,199.5847627320649,2.6038558872402597,1662.7100251987154,11.3493098689795,8316,0
90.88317206484577,94.06393061530035,173.7115278488876,2.745999621682588,1855.7065741256217,19.09012954061502,6839,0
87.80991867735032,81.17306715060901,165.06224513270897,2.2467193126985934,2252.739304021365,13.184531293182008,9429,0
78.77300480179406,72.77687525638014,215.5592465424627,2.6543533512935085,1981.6818697893939,17.731255499056708,8002,0
82.91877749642725,93.10862883624772,223.47249159493947,4.702237614177644,1952.5825119700326,19.72120264966532,1289,0
80.06999065341168,109.94399613946233,204.4714512695449,0.014629612157904592,1670.9072040136073,16.3700640321912,7256,1
79.10635243055789,89.95143270768085,182.13295356412561,4.532358463305825,1354.7830005226995,10.51152356050605,7442,0
93.49602097021025,96.70792619561314,159.79335695897683,3.4056281773220496,1737.4595368378775,12.245363500470624,6984,0
88.57015485965047,90.65463486838053,159.23888983608586,1.5515740225713415,2161.9824464591748,18.968233400655407,3257,0
78.07090404739346,89.20888277447087,193.06285263164395,1.7096251283409145,1341.8496430231057,14.492631943071551,5620,0
93.9959987543325,97.35261186390215,190.4599555222171,5.011671632649843,1483.4731895469915,15.238720604826497,1841,1
88.07299520876609,87.67780364649079,215.03996482366074,1.8653917440687227,1837.8803208702204,17.276473248490827,3788,0
93.1286211883896,92.13913851257523,196.26125231340347,1.6159793872848487,1504.6035645458212,17.08896858624097,7585,0
91.29628841923612,92.57358244956811,142.42299245600455,4.364777450837675,1562.2429658654362,15.836399437156382,5469,0
76.71004989077927,84.6552763708556,206.29869044307296,3.406263451543097,1672.9204254815468,14.373994886338602,5744,0
79.3981895980303,97.93633879629218,155.04848431713967,1.8744893081563214,1390.3147787429552,14.061994662802928,9189,0
92.47293605123262,88.60032194643674,170.4007182011912,3.259949970485543,1507.7634461350895,17.57369647587403,4123,0
91.10370265433465,83.95403872405724,186.25500515629236,1.7690967796316672,2011.0283750361928,16.66070859320338,816,0
84.79098406035853,94.29207874856323,229.8916872445991,4.320985678107126,1407.7890653307109,14.22809999814663,4067,0
86.17327383308782,82.8122561456717,257.74796390013404,4.27364515784776,1320.6383596515486,18.24633693897942,7523,0
97.77664895788425,90.22544925895302,195.16807647840457,3.6384074385863316,1610.9925061398317,14.612897654610649,6550,0
79.0842861116417,89.92704802684638,175.4200845319903,3.43399327349642,2019.5866507529538,12.44501347699682,3315,0
90.47097381170038,98.68716452665262,193.36264121201376,5.113425749840848,1740.923457600933,12.723087903289965,7925,1
82.97807347566106,93.79758586303963,202.1913856468459,2.9996235928658703,1660.6256765653145,12.063777491070702,490,0
82.82318796772779,89.79978433003885,171.9833093610702,1.5817510494950386,1813.307639254682,14.182769950188938,9991,0
95.9877685198719,96.54213039360229,224.88028389780806,3.5393686953987684,1276.2877701421044,18.701172835008578,3137,0
93.2541634898803,101.12166039213851,185.75176897978506,5.503256459444536,1948.4116961325099,12.584714456908474,332,1
93.13509636000639,94.4624824508149,192.44357722728486,1.7822886081769775,1915.0305094210933,15.565427283054309,3231,0
98.05478807154329,90.08282095874705,196.64810630136154,2.566244679967217,1677.2074577712835,13.029931963117761,7734,0
85.21003841632759,79.50531014119872,190.5396652653614,3.499735245721743,2101.777353538925,14.219072876185688,333,0
91.81952971294965,81.47909069539702,200.9735125117403,2.935314181193113,1461.7511703140883,10.469876364044243,1491,0
81.89733243406543,87.55820236516266,164.56867033632693,1.8212357035472226,2138.372697976071,14.338385312530388,9547,0
88.24166352488442,85.12390238272573,166.04245615134923,4.346229427476565,1846.3480996785754,14.418883860585114,989,0
83.69856945632316,88.50422957611643,152.49614417570763,5.7840488664207115,1699.034223036548,16.620863832107087,8002,1
85.96995964992718,90.45319939917685,190.98753076550565,3.2353577508286886,1794.0379093895065,15.669842739766112,845,0
90.95157025436913,94.23754203485385,199.47341258780284,1.9151180523167997,1767.8205702567175,11.404823625143864,527,0
76.81779316766527,89.43600977552727,191.44432165379715,1.14124736993583,2166.0848689253153,18.25259473213063,831,0
105.9238727568546,93.89201315060961,221.86231083368844,3.309571177465417,1476.996261758696,15.630909120665986,899,1
74.93982618500299,90.51579531848097,179.86009952927384,4.324652811979509,1571.2442282560205,15.59518055153246,6607,0
72.85811387212269,74.19626746916903,196.71854138981283,3.5702012957944578,2110.890867621744,14.972452939844583,7125,0
96.58110873500068,82.48531684944996,152.70747809651715,2.9971153908973753,1621.3395194448422,13.44672765833334,9127,0
92.91662693962935,88.84729955422708,170.32250743813998,2.2928740178528324,2070.1599231994774,15.653407019246178,7724,0
91.24119817052156,80.32244205727113,197.38844393914445,1.6894036407382924,2309.830794902613,16.426765307785747,8426,0
91.2834550926428,94.79942983996963,201.2275527685786,4.001701591589859,1679.4614919175099,9.759312925963336,5483,0
84.87753227153085,102.24600665874958,172.65082630839544,4.096525945662703,2004.4086979725917,13.383717487961713,6307,0
76.02745628514168,99.75009481357853,178.21001870354834,1.1451242559711203,1453.8923155980424,14.235159088789231,2638,0
85.75804558193727,88.29245703255833,142.05315633297977,4.90780677381682,2026.4199894203427,15.768511817082835,3818,0
78.22838288487888,101.92580909479962,171.07426997983475,3.6888854650728016,1859.82719579603,18.57993301778138,8332,0
94.7511973341775,91.1893396576169,202.25957908799467,4.679513574174952,1941.9114846480645,12.684777556209653,3467,0
83.52942618497862,87.30331223105568,194.38012540266416,1.389446701817862,1606.3283783893814,13.506114459546474,5108,0
76.74502803207488,85.09277869167248,192.51664303453023,1.3610110135014735,1301.6749753298482,13.46239766806035,5329,0
81.78614158347007,87.58024250809497,181.244342179524,2.8212368282792437,1950.9756194248514,12.595417229686376,7488,0
89.12931454275625,86.89458545167017,180.1765789657044,3.603341312274233,1180.9790542561636,13.958440514663213,2515,0
79.36275447196026,91.3633297790039,163.49197151316383,5.155632987512356,1704.7948523272396,17.312406659963912,7271,1
76.77779604433569,91.28459184839892,197.47071050506338,3.8472946965781576,2082.354559925991,11.838493513906963,3049,0
87.43687211491913,90.02436816122731,190.52432360973475,2.70878246782556,1857.5693207619108,16.283443185458708,4361,0
87.44966571108722,93.4955053579708,192.30047119981998,1.7683569508009296,2384.502793436944,9.894293309944993,5245,0
79.9305682462887,99.52517019829074,166.84912893331048,4.47600068726298,2107.532745774532,13.315986010673383,3566,0
80.28961694381677,97.59643308353058,126.1664270032189,1.8423534890991422,1603.830483502327,14.011532099346041,3188,0
87.32049937357637,78.12081625240077,207.4288177938424,4.954162265726786,1808.1940139554315,20.024579018742195,1215,0
70.51915658502676,69.56863092078436,168.0290635997899,2.6587384204721887,1785.7887892366691,14.175593085741935,4678,0
70.92536225623445,97.4745592899142,158.43060589892198,4.90869848714142,1325.3469709961619,8.396269579647246,2690,0
77.81555778747564,79.06497041267663,197.33697279784985,3.814717548071134,1517.880325054694,9.00333327941625,7472,0
82.86552848288153,88.20187678485853,170.19968400202177,2.83560541266905,1631.7717279060419,15.102088759040043,3673,0
88.10907565598005,80.63909579152512,206.49840960116555,2.376724353808648,1189.1338491432189,16.841312567369727,3078,0
99.75356216949552,75.58415649935984,195.42514873941744,2.5909105471847043,1814.2480404754929,16.126367572881758,9522,0
93.5765962320202,94.3317018256383,197.08923308001195,3.513980030850285,1725.2784466040878,15.50271031740297,7413,0
83.40061470036574,96.07324128242118,145.85110721998666,3.09258779546126,1298.1318296065278,18.486778792517,7122,0
84.80983792097311,85.38791679418624,210.29859963466,2.287426310317554,1921.2638595831995,13.381226337788606,5075,0
74.97470635362191,69.27166166284073,186.5312632808464,2.8012423076188413,2014.761823407288,17.684731668080474,5025,0
84.8148686400761,85.63004441398014,170.76807151884492,3.0942924356629797,1868.1103436594667,10.103955344920749,8147,0
82.11341361079862,93.13443204322037,183.58471168355626,0.4455190867022254,1702.779547437309,12.285156501185801,8190,0
88.22718560338089,78.16870744980697,135.59411917754198,3.5498017377464386,1977.4326455255564,9.578875815204551,8151,0
76.72769056447677,91.46687935823324,190.21632028701677,1.824334530339832,2004.0661081430073,14.175464097990623,5392,0
90.19346514241172,89.87752120661604,154.26571229544822,1.616001116153106,1892.2210709159065,14.861216348200973,6745,0
100.32738913002578,94.63433199680871,146.18324285391162,0.9751867834671475,1552.6163248695716,15.34230447667956,5503,1
83.91239851543142,90.95664294731323,141.94102034455273,0.8473290025585318,1882.9802296533542,15.185650058661405,3530,0
89.01711722098942,82.21544847294756,207.81720937474813,1.373462996265253,2158.6441952476434,12.217340007564816,2095,0
91.90143991711112,99.57257201331593,164.2684151576803,2.1491748508434116,1621.011282416481,14.429277466760354,6130,0
80.98779528114164,88.73176341578424,218.3431927479125,5.343910965031881,2429.3818017397293,10.507659994182754,3991,1
87.24092481810416,89.78156368392054,166.60496342369257,2.3689443889257555,1642.3107198043847,19.08968692539675,7245,0
85.12592400781794,82.53385632741443,137.31605106017633,3.2133001275216375,1809.7221040020409,14.089121781305996,8598,0
85.97676098548831,86.45374199046792,152.0868890012835,3.4805776638075945,1598.2543211980992,13.533341642868926,9654,0
77.26990216144533,82.9215782877848,210.89529050017347,3.1572782234590187,1866.9812507760782,19.76682098533225,2202,0
85.24510174258943,88.61643152061262,176.10254555158332,2.9070678471288076,1277.3334922094175,11.273260399352313,3130,0
89.9799829124545,103.69366784113875,166.292817587735,1.5656474836809064,1636.1874603549836,11.623238657904093,8624,0
99.51143607795042,79.02479085654915,184.0004556463197,4.741113057935054,1472.36363989543,11.711339025394304,8207,0
94.59270826085206,77.09150881698608,192.54456840418862,5.168635972365462,1840.6015043676873,14.796385854901555,342,1
106.53182457511556,101.76936261994886,207.93497039756153,0.980809567052777,2098.3342126526722,16.294894888912793,1984,1
77.3265243711195,88.32541058278507,216.21248074732316,1.7711656909363447,1993.8018561343654,17.2190264043535,8115,0
93.72320636720679,84.64741809072066,171.00578385527285,2.664227589147593,1088.5021917423323,22.715985952484907,9724,0
86.83342005738352,98.31923749916861,146.84880784794905,1.8425546461077704,2412.620895878364,8.25170263739771,6847,0
106.89802933217672,85.15507568210509,169.66337097191808,3.6071586641470383,1888.5839821862605,16.82620676737325,8594,1
76.91701714644849,104.60807770837549,186.50701266457216,2.1260733571120642,1567.0502578521,13.328608282283307,4430,0
76.60278157819224,95.42340697071415,155.90602684473473,5.598067281367923,1847.1383756972823,13.24075455333368,7963,1
79.00607354555977,86.09670873483438,156.07122712762393,4.428658313212315,1852.8569467508078,13.140683615238366,3209,0
63.76104275690193,107.25846570612403,188.59469703874714,3.2550888367586577,1599.945384914531,12.27369098757608,2286,1
79.74244978319238,85.15428061597329,178.7836912107387,4.2323835159836785,1859.3750002026227,20.053574503810356,1650,0
77.40867338446301,95.93676297607446,180.81992488528965,4.327080509228771,1617.758313713908,17.526891981041707,746,0
86.50393786476208,92.39434064325194,161.03761663249827,2.323263014330108,1678.691402192993,15.069587935672125,6244,0
88.4175597577716,100.41393031519038,174.23998214485582,2.0205393065496424,1594.1162592734747,19.053047257461003,4756,0
103.76170839215887,102.49208957381482,156.8941713932924,3.093771675563577,1370.1986130781042,10.462413104103373,9004,1
94.5042383818605,90.25603319252613,202.25496027811968,4.033963349397533,1843.750941064615,11.007884606007222,637,0
79.23096344337597,83.97265703723053,205.8812333680938,3.1668724783841014,1975.5898309549013,8.466096803415937,6672,0
76.01585328651642,93.67977714351294,133.84530344404766,1.1076042213708035,1954.4650788229117,12.901756379630138,334,0
89.91919171506505,84.57827704198316,156.76222849518976,2.0366106672589894,2045.9775757905702,15.485095580114258,9796,0
71.79766792979358,106.10709798021298,142.58676862274802,2.911232563686746,1897.3020630044605,15.308575733797003,6639,1
103.31458765854353,91.0922826486619,163.74940163982754,2.9092012748090035,1640.182350534929,15.448025733179641,1474,1
96.79440120721287,87.07742758950313,177.91405075524096,5.36705061214777,2051.8991593293567,10.766829506801756,2009,1
80.30824347895295,91.47744244691927,143.75886950753676,1.3368144691212025,1392.7447380474196,17.409464227842065,9207,0
67.86865470909123,79.22298968376242,156.95350467186717,3.6067070902030496,1529.798585246256,15.718882554716993,7318,0
98.53872374165412,82.22708769191479,154.90106569796254,4.786935729993948,1510.7399785730265,17.199162844397996,180,0
83.85460154747382,99.6033112635554,185.1816832349736,5.7257396945073555,2124.016817741793,9.321713467229845,2183,1
97.37816311973462,84.74484576822883,181.73360842590625,2.5147230921792465,2082.8365542420224,15.93447257639337,1790,0
69.05572341205632,81.62471213854448,161.95656116656866,3.5897153432642397,1946.1915711134984,11.436704280247419,856,0
79.00624977046228,94.2932220202183,184.42052180348495,3.6837124286383762,2121.5789595635392,13.808030242345914,2770,0
85.05243699718183,99.48563323730397,166.33299788531838,3.234578077863949,1536.2151652764037,16.60309469590915,3851,0
85.46980593764742,95.75162648532053,173.20862224184867,2.881385758512833,1904.5785359582942,15.27328081876774,8759,0
80.49934528520757,97.96838148644653,221.83630225746342,3.523170467400055,1762.4476714850507,12.445380060662043,5361,0
91.22849932347499,83.94563929144431,213.5115262947587,-0.03869530226362228,2054.064631165474,15.018819468553255,6952,0
74.32379570617405,78.62551466606524,147.51046907681007,3.8184833880751574,1765.4327302343406,10.40539405426907,1594,0
83.57620514978707,102.0106692156439,200.74331044697936,3.1514134843943604,1684.5171334769757,18.45080218769489,5840,0
86.20295631711899,87.41856128926291,200.2849138622898,2.7330301238660817,1962.272555568297,14.384147941511246,9311,0
90.14438834058748,87.99333586835962,151.29341778118453,5.456234634863469,2062.85075015737,18.355649832765977,8155,1
92.11614878088889,100.62555313479247,200.46944109387152,2.190079177451337,1599.4964415459594,13.42040493871187,1001,0
73.75357908162131,94.44984007520527,218.44829796031382,2.516308813121963,1781.677298594287,13.42927203478025,772,0
69.65885829264377,93.64710217665287,151.93637984388965,5.389863962645681,1482.467809907504,12.707439640086461,8730,1
97.7767682189851,107.32001875920866,157.0624294746434,2.001526434180172,1050.5816947521182,17.628521795079227,544,1
88.32314011979592,84.85185415695885,205.44153667108756,2.3398616604761533,1860.1378894241186,12.871706528014572,9257,0
77.51513463443446,97.4227210246499,186.7873827706412,2.82356949188298,1982.6716068763897,16.93378629724553,8755,0
100.51151975522524,90.45610499917667,193.78690688098808,4.00888137855546,1878.6200427260176,13.85264280699213,2298,1
86.15674634292859,92.14873823090606,188.51473041001242,3.249363008823976,1215.13148467369,9.07211010032514,2387,0
96.79297184063826,102.22774741130026,189.7673980232036,1.448849583417285,1694.7451709770576,13.289057796640602,4108,0
85.67518481410109,94.06268605031698,146.83819679222293,2.3613977242473725,1134.4956719846755,11.462675356911456,9204,0
105.60747924881987,94.30636863239707,206.18294266553622,2.2711746801453465,2210.9103322962555,15.101708171047013,596,1
102.55340842443204,98.58005869847841,209.23974981069435,2.9073347457323453,1474.1836253645743,11.42877679297653,1563,1
82.51035851520926,87.08037816365692,174.2652313982993,3.511012390355795,2176.621082837969,17.77792530214385,6928,0
94.71570950954356,83.28632266128795,178.91307625465345,3.5018469070655662,2083.7608931052437,14.726772418940918,4353,0
91.45375949585147,81.64152644783174,141.72231243610696,0.8687858951419174,1529.8228942391816,14.467212015723783,593,0
98.68631557532349,74.26914728499199,192.8563689004459,4.276729185073028,1460.1645146196765,16.96767641336275,5165,0
75.35076539419896,106.44965703952258,194.3014360428536,3.3030826151959483,1905.1110649159016,17.89172080222759,5530,1
91.8605145999844,81.17433307422654,178.44522457501722,4.661438457112688,1546.7027888450787,14.939703744691045,1526,0
95.58424486849587,88.22997101131382,208.10883399676257,3.533037992748806,1830.7453926474623,12.686399101352128,9984,0
67.41260513576886,87.78549360088863,171.6480692255015,4.321587549282914,1655.1517227579245,9.678091151663612,1893,0
73.16741487334225,92.45925358247281,194.11514814734,3.5598543737401522,1265.6524756603098,12.94185072889446,2823,0
64.60767822239899,96.52589770031437,154.50839153269712,4.615470907443298,1130.8595942626623,13.148363260056115,758,0
82.30593165555442,96.88378790687796,179.41119622814404,3.626700763221334,1868.0052745483792,15.32117235897689,4861,0
92.17542255795962,85.33538049144849,175.6411435524291,2.882501704268515,1631.5326761008123,13.96455935658592,7730,0
100.02357052096028,88.66302628970871,185.63269805102354,5.726921664536258,1634.0730549257603,17.063798916154283,8841,1
85.74094780419775,92.2606396039064,170.76182677916603,4.0668445467358705,2008.7591517281355,13.161050186187932,8934,0
101.28615545571292,88.01047099053163,176.7131851082083,3.688493305205296,2152.0326829897335,14.828876499441174,4450,1
71.19898541785109,102.85876460815994,200.65117928603766,1.468434700153997,1718.2365835914572,18.55196232959067,307,0
67.96617560644845,93.927799613106,169.08089406904458,1.4540308590437547,1697.8203879270416,16.0254756418649,4290,0
84.44452301103381,95.87902228839855,139.835572481533,3.3512585785702242,1950.0429099341652,14.819887374934307,1983,0
88.84065448939307,95.3030501493393,223.73959760513551,3.1746254373218887,1392.9193290901273,13.194166674194468,2986,0
84.67305251905907,99.3877908598826,214.53635196726216,2.2630529219900204,1866.9459164243092,13.100305809855069,577,0
64.32557899960123,91.44817246962965,147.69343262235952,3.169179239534472,1965.5657915466463,12.448160241144157,9053,0
84.10879960487212,79.62534441635323,197.24269513112986,4.906352313652315,2004.0690625252887,13.376979402651301,8481,0
71.95530499495146,93.19750361402113,167.42563073621642,3.8344829694603586,1218.9741892492607,17.266997516232944,6954,0
91.69672548830039,84.78914484966536,186.5871803832765,1.6307897882967142,1571.5934190573178,14.334335186123194,855,0
88.66598246096848,85.77106654600195,187.35560322533735,2.8661894074284677,1536.52102415296,10.950680791856307,9738,0
75.60120213672644,94.69091215004075,174.13980499209194,2.0340402229769268,1829.9660863227639,20.30450787917935,5031,0
79.86133082663306,99.90626457146908,160.4058583603401,2.5347601003097266,1944.2233739303952,15.959895573435489,9955,0
74.40786478111049,90.1701726138885,162.7364736920935,2.503661201244429,2249.0131222337945,10.779169798460492,5824,0
84.37320902726829,92.47066410079171,157.09520211296893,2.4268253008751937,1651.510355889578,13.67445321827753,4250,0
94.55142320501238,103.6177195570819,159.2044447942389,1.4938375536319262,1650.7282505072358,15.332659148485254,4160,0
75.14273953664457,91.92602543590854,178.32054274876612,2.846814382178172,2144.901605663624,20.113776279892132,4865,0
90.04046515517844,110.81346491344316,162.1060002722312,2.327270835783228,1888.9730815590915,11.675662625223392,3712,1
79.69742381627559,94.52407716505235,197.0513016428155,-0.5153384280027216,2180.295453356392,17.92812215806784,6653,0
77.07127167737656,75.91389792675346,217.18115388339817,5.463566429401995,1886.618400902951,19.198459280917028,7478,1
83.92969640045442,96.02673296883626,165.49866896574892,4.306523585060006,1452.8650143860186,13.114037084776289,1789,0
74.64757677580626,93.04926707906222,185.98511251338442,2.5484391300900047,1400.061493566658,14.1674591434193,1416,0
79.46350694652818,100.31802203266196,192.49212775757334,3.0225828596887183,1334.5463252823213,11.89107225787869,7230,0
73.02122107411151,95.38545081015967,191.80005677298186,1.594014783218926,1998.615550427542,14.389616576759085,3286,0
104.6472513291639,88.89235212812982,181.8988816979022,5.034867453373039,2156.5790469261024,14.890230076971207,5889,1
85.35263551971728,80.20561410968507,198.56706045899307,5.276746433727734,2354.808642415914,16.97894999424711,1245,1
78.00274492007415,88.3278139417118,192.05622381701642,3.1880324738958294,2052.931599696972,18.27055041306134,4494,0
87.13979910734221,83.1958363663256,149.05843944181754,4.228236773022413,2148.8515732604956,12.755711806135059,8042,0
83.8767195030917,85.35581240156222,201.72890160973182,3.2103441347207085,1625.9951002038947,9.098024807322016,7648,0
82.79030400466777,94.70862723536487,202.18227093166854,1.3959294733488832,1453.075254976843,14.936265662171273,660,0
91.14166700043425,103.35923603481125,160.91784739553546,2.505811957243611,2055.023799725266,15.880612589905923,2012,0
92.57507710047305,93.15737223858385,180.94844588619006,3.1583135601263486,1925.3042256718202,15.748253063055126,1964,0
79.69498852389472,80.43293550371853,197.08322482027674,2.4545427375078672,1832.2333123022677,14.019980257472868,396,0
79.2418175935532,93.55682134576112,174.76715451051595,2.737616067077957,1916.211444189897,15.374256298991803,2509,0
82.24948302848355,99.57305189316521,206.8244511941503,2.8903205309890625,1896.9556447374619,19.54633442505674,7730,0
61.980788352644154,85.12173676544494,239.09681236548403,2.9029458025614465,2185.1450579560683,16.14520250688753,1561,0
69.84808937801448,88.92786266661666,160.35034918412543,3.06271018859698,2188.495675445087,13.879894724990747,4392,0
98.66874267444524,90.11750555783358,145.47388492115562,1.727273920324079,1963.2661057021041,13.499406548712013,2368,0
101.44967713501283,83.72081349534209,187.5954648901219,2.1395806210464765,2053.7408617688784,14.490442926966807,1094,1
82.50963960443622,95.18624347075087,198.0390626281536,1.4584988811600368,1954.2187657274328,19.91021988549192,6654,0
90.76556963055766,89.03241481113774,174.22834065388076,4.17337865962344,1661.6490803896143,14.450097871421407,107,0
88.11250154543536,93.35625955125622,216.33151658302586,0.47322366979161057,2026.969402473942,14.940616966437876,2615,0
115.78880808455239,82.9000625775832,146.53485500691878,4.38430841198031,1381.6514793422216,13.553059287191092,1517,1
96.19574911434577,86.50033359741272,197.32296557579028,4.663619276715412,2116.167465688765,18.296950072325895,2416,0
83.72082408519233,95.77905086262217,164.85347948102768,2.6373832956208543,1441.6431180701895,20.879511764234024,7458,0
75.44459559399574,87.01733478326587,222.9844476551824,-0.1237645053927583,1885.7409860384198,16.351839148294165,4032,0
68.93553679742428,103.81571080986724,229.81288382920297,2.5664273256392516,1546.4538124721523,15.248318711356276,6304,0
87.03463635867223,86.80291051508318,160.8335853054163,2.9229790064534167,1966.016694922328,15.110348499522704,1387,0
77.43649254715697,91.79747780601508,166.26107160228548,1.787282136085304,1789.8224322216274,7.847079633642763,1218,0
70.77746290402325,97.46072665498473,201.48969717449506,2.381737927430109,1321.5732125510003,17.23545259285445,8844,0
78.53427115757474,78.65307413653575,170.32173375526213,4.836234238636021,1926.2098893055436,15.40249924798753,7737,0
74.18451996385605,75.91352950415379,178.86471955169404,3.797912594762089,1626.6237669501868,16.285026151982176,760,0
101.87141635072564,77.79474948343925,180.63471051356026,1.8905230627462801,2064.3440162440106,12.865613417748886,9007,1
93.81639756949451,100.10067282741745,132.0081710950586,1.0828809964854815,1800.3977066203222,13.846629363068725,7022,0
84.92027358683383,85.58513483286043,179.65405634764406,2.607579218868275,1918.6262956164114,13.76692519049048,8204,0
99.79944138890026,110.46559428534601,162.75680564839564,2.743851864779474,1512.7293134954364,18.064868952219115,6437,1
85.77368307647619,85.48601921074089,167.6719294400057,3.5954390248359793,1623.2003305717915,13.86372049019072,2629,0
76.38715798671737,91.47641042557629,216.09080008672035,2.357619944918809,1662.4084091696745,21.247980966329393,4070,0
100.23124077269657,102.336879620543,148.5873276430186,3.613799490434234,2057.0107440727666,16.292587257045113,3507,1
90.38910043684659,106.04874310527299,200.33012966869944,5.3221848480722755,2303.213126341647,11.172952020012804,9750,1
74.62753845673544,106.49202861309118,173.02592674170478,3.9786012269331152,1558.448474477137,14.61436112024413,9146,1
83.09661321916391,99.66692984474514,173.00599578760415,2.942293791203073,2123.054443397304,13.044974633530753,7516,0
76.24381746615242,98.1925002064917,199.75929740129277,2.7802194347360465,1149.0967746822894,8.416852590539927,4860,0
71.17200269035663,94.74021559360946,188.50128236422225,2.5719922389841545,1441.743179672313,19.79841282034137,1997,0
94.26177547531641,96.2268886093331,194.26532493048828,4.416769094942573,1512.3664631439676,17.10942762666001,6464,0
104.0941664047013,85.59051426937174,204.20461651332153,2.2472238648584364,1394.2473931677832,16.599621953697937,8564,1
71.01432426180858,83.45440893262155,171.71729042041693,3.0542672507999793,1324.923483063726,15.496210980899113,4187,0
90.62969236690572,89.97300434071238,164.69408163730625,3.0614374822573023,1923.8996736413392,10.853947293922687,9564,0
78.49357430878173,88.63852301980057,152.87123683605506,2.3978589686261618,1735.7796906816416,13.54914858133369,4474,0
80.12874616235304,86.3741756053818,159.3647367505261,1.353041342539079,1913.821619281533,17.52534232435204,7707,0
79.07606075761132,95.57109957965372,253.72736063271813,3.387569404341202,2007.1418058364538,11.846339910652492,4119,0
76.36009230320184,97.64244166856409,211.11698951841967,2.92679523377354,1879.68509795176,7.404692051247559,915,0
85.48521627944827,90.70725509033478,146.22314084479947,3.600288563323884,1997.328952845112,14.318681976657222,7355,0
76.69049883588963,101.8202406484421,146.93855108141074,2.3596796322729996,1779.1403141273192,14.574727337917384,1022,0
87.70456825779839,80.86648708693195,192.04665154296228,4.464985558575657,1443.9019835082765,15.406690249244127,4967,0
84.49761890550863,88.45072432576225,193.68161993444917,1.9478714625457862,2117.344254246239,17.185555930543607,1364,0
82.6105195313359,84.26542143517756,193.7220958829341,5.054448340821471,1623.2663601656618,16.912817436693626,3824,1
75.92436337958402,75.06770706341553,173.62610516115757,0.902836188206086,1519.3211103712722,15.776309415731765,2822,0
79.23228669431667,89.3385545132584,176.8636434999275,3.5217240774682694,1746.6246372586807,18.586594164260127,5455,0
92.55391225825755,89.02601993293374,188.19698810398393,3.570516819031948,1526.1567242110461,10.443090657560056,2650,0
90.00917187624381,102.10759794593704,182.14732515733326,2.0453315184709413,1674.7708854031703,16.51374544343217,5419,0
75.22444755201448,95.04649347643821,124.51749068131161,3.509272725433215,1903.21617646904,16.879615090010827,6786,0
85.99332305429226,81.80650540536637,174.25500923562015,4.53542240371219,1904.502521773838,11.28131314175928,1773,0
92.5138712337179,104.8327405306735,158.71483914349216,0.3398173927751227,1530.650980072311,10.491388173952831,4687,0
68.30594718878629,99.76826956420282,184.3802854727128,3.6032937689889777,1653.6883881153767,12.762173620573197,5453,0
90.43360192379934,94.65678162774893,254.63147506508525,0.008075015603906888,2122.299901431073,13.015375672454125,6957,0
78.37376241054153,88.18812720920134,189.1870416368576,1.8412022357721505,1948.9200353201823,17.260258390507293,1766,0
90.70598668593159,82.32448610621216,172.16175784569006,4.954999637881134,2422.5195118045626,13.156383648926715,4611,0
77.36740843457483,87.02234579143158,203.0450375494313,2.3018615599295353,2154.0384521224582,12.430954445156388,6272,0
66.9511789933548,98.70998895763348,192.06719718023032,1.591344042709233,2143.287920567982,13.165098789916323,1484,0
68.72457562116837,105.07669044747688,190.50236226129604,2.762474725218382,1383.6394348632593,18.355897002462633,4503,1
85.48084946661382,102.34594822617751,195.17126483039178,5.4814876057962625,2029.1581054900269,15.039130123130857,4054,1
87.59722501721483,86.08920462570981,231.41358912073855,0.8019813033527687,1784.0679594909268,14.462246923929264,6405,0
75.95683374895592,81.0430605336879,151.7277891168521,1.7384281060327866,1634.7054589385252,14.669983503896846,8352,0
91.38592458777374,91.12708997528964,191.84080192028637,4.796918019815552,1850.4046021597585,18.876181002979568,7338,0
68.3847993773104,75.85248507549719,156.84047175046155,5.229242812245278,2083.563460383445,12.752484820190276,7081,1
84.33920201352683,92.58534171347826,193.8878161585562,2.8758825308516593,1950.2494773012636,18.946524872820312,6126,0
72.88983800237543,88.81917930961065,157.03283721284765,1.5131367569680292,1536.4578595973821,15.63148889676451,6709,0
78.4816389219784,86.27170798505406,169.5658296598729,5.515012202170991,2022.737674077786,14.518741854073957,8764,1
85.47398671316414,77.24237546186563,172.62275214405236,4.913330870099037,1608.723737377211,22.502701493802846,1058,0
76.39586634716048,94.10880085255774,204.39541798361773,3.8147363853146796,1865.004935689286,11.833081530604211,8824,0
81.15444455770175,85.7383932827047,202.96136109856036,2.025117181275096,1708.9949797568597,13.938942721298982,593,0
95.0629280921444,80.6406653143177,148.85706558884038,2.941164790994356,1734.3401244793122,11.302706282508,7142,0
79.23108130476851,67.0219022937468,181.37335277499622,2.8075679027462033,2029.872892512153,17.85738591160851,181,0
93.35692112065142,89.7798807595949,162.2605036312707,3.3970215655386933,1487.9418840552307,20.067566800955035,7099,0
73.70293145342382,104.17801277335795,148.53737723311664,4.741201725757604,2383.55852228308,20.009768344213917,3070,0
90.29804177915283,103.29007371638296,174.57457373939073,4.055300449364884,1253.674179211651,18.671846259438013,111,0
99.41568620657901,86.34322994730982,172.2879302886045,1.70714870761829,1620.699695023543,14.407138596612103,7924,0
60.283554998727105,85.18230351710575,240.66791215863805,4.651795740023445,1911.0635669825224,13.90427706753046,861,0
77.03104744529523,93.75019404860019,190.8239956340174,3.375758568015786,1975.294249930593,9.986490682517804,3285,0
90.7707212718054,82.01291648649367,145.55956248114407,3.8244789550306995,1769.8572838284886,21.107620605545378,125,0
82.96954613957007,92.41433519855573,165.88064989572644,4.759849031134324,1782.7827890995372,16.4069342344454,1906,0
88.71145873371309,96.12864222707752,205.53458238573495,1.6661037005837387,1923.165025598285,13.52412928539155,6751,0
78.9601481328418,99.81546579107446,232.21106932174814,2.9570093055522446,1730.6791567626958,18.984170666960903,5764,0
85.865897874729,89.19876738816038,140.35041719405103,2.362254538368942,2217.9543773804717,12.081706449719997,5254,0
83.44322764607921,88.37060999858427,133.00189037152387,1.118568689561453,2051.804734269481,16.21986610266802,5924,0
96.67782061659807,82.97613930594751,226.77412938429455,3.416051973125904,2061.8473053016905,14.482112597127497,3759,0
87.54420843301213,83.38495716768112,189.7403544342726,6.013867861901309,1510.152982988875,16.916031419640902,1625,1
88.37602662075201,88.18816886478778,158.29268170309084,0.7919067065930969,1776.183472678289,14.809279382441636,860,0
80.88123033877532,92.93892405452942,193.36572715306087,2.9612632667406356,1709.860215383789,10.647216326666328,694,0
80.12393775927507,97.30867700986599,114.10630652457806,3.768651522089728,1498.3195872931603,15.226729118010114,7292,0
80.6744181218038,83.57456839455725,180.084387664929,3.1476938419874174,1908.04925518373,18.146592425626086,1155,0
88.94452142378297,101.94150855167618,188.19552932107712,2.8642463369811115,1638.7062726660552,14.912350782438045,3183,0
80.79015519179737,87.83101119165946,203.10675348844575,1.440940363865011,1996.621148955071,17.32534536476726,3775,0
87.89774856896413,89.8290616452125,154.65260119268655,3.279344091528196,1478.9425311317004,11.86341154297784,9750,0
105.75400798645438,84.0223065668174,182.14217903508398,2.0918832275808885,2315.7121838525463,14.921217620190443,6057,1
93.71124703431693,70.60607791781646,156.86438434851033,0.3720939540257362,1531.1002024223815,13.126468634734268,5355,0
81.73976467832159,97.0723631708884,186.38459389185792,4.433510664616477,1865.7907011601308,17.240942520314128,9511,0
97.01213922163944,95.89475117673946,157.6163419409244,4.150062983810451,2037.5577931164203,15.094474686785988,4328,0
80.91924626978448,87.74937954305429,169.79747902099447,3.0619931722212956,1628.807870939966,17.070221029009836,4281,0
64.61875464822145,90.53592573779898,155.10461513024427,3.274889625846843,2055.740593029885,18.263131278473598,9791,0
74.91913689082595,94.1275137416328,196.27840604559142,4.2891816152586735,1431.244920659875,17.074855725364166,1930,0
66.29208078974145,77.49963314490766,201.46127791641663,3.2692075881336993,2235.635309754768,15.819355302880933,3495,0
81.48486515958692,85.76757858122964,174.13448575106466,4.0848210657135775,1804.2447794897275,12.005363224465784,1303,0
85.18418379189552,96.35411743697462,180.9559498740007,2.64302135895138,1621.076577609336,14.991641667999296,2910,0
101.76437312275283,79.96568461464601,143.7852146341614,4.574380486288736,1710.2454682717696,13.400728793952501,3192,1
88.26927373764163,92.34846345733304,172.50808379983033,3.384942871119221,2042.6757808178158,13.96780812988732,3144,0
82.80899471191135,79.14734556301276,178.74488457395637,3.232862332327049,1624.6634124448685,13.876397547749248,6171,0
93.2940558118349,93.73143985946821,245.51982727574938,1.4759266935455615,1575.1926931731668,12.060223275653266,7372,0
62.88864690992115,89.71486814162013,152.20082435564592,3.3443470251620506,1733.5390207248786,9.127984232598031,4773,0
87.35614558108566,77.07894547275592,216.60443096881093,2.0016540990066587,1446.9113661690096,12.9955708550167,3614,0
92.70865193886966,99.31791483565738,204.9214693366452,2.234060728165807,2346.163172382545,15.580138355772478,6292,0
70.21413754220158,84.1232673856156,187.0159101122534,2.0215492460206548,1630.081622635583,10.95546886371753,244,0
96.43754043206928,83.51798050388496,223.96551210487834,1.72051808172093,2049.485035854121,15.047046709414873,7607,0
88.38496407494414,91.60455357784754,189.30263681517158,5.549725683620354,1862.8410250943318,20.700805272932893,4957,1
80.84712086099199,99.18909879542971,189.72897989169823,4.597606874386083,1504.6397848554095,18.069169665756718,1477,0
91.32781866106285,81.87342544817282,178.67198367456137,5.304441002573114,1798.2135872361812,19.930624527361587,3246,1
107.70692857804396,90.49343879878377,210.5892220604657,1.5325259765333235,2035.2008337932243,16.173383630798178,5124,1
86.81866255058495,93.43053200264458,207.4117308452721,3.085504499893071,1743.5215994741081,18.502529468959338,893,0
87.48220586300336,95.54484485810515,164.3580678125947,1.447790849755085,2157.933883755308,12.828105808596638,9893,0
80.40639100459757,91.4115324422178,147.0188201350308,2.1651661473635233,2106.454617834559,13.066979198934048,5856,0
76.50155630535208,87.06377728733342,174.92548406510858,1.8982476199001102,2075.674456397499,6.782579381587581,4514,0
93.30335816544246,83.37927823481024,159.99903589005885,4.487500807729874,1662.102968318101,18.558436422126896,1210,0
76.43916174091133,90.689151064371,178.4118856346161,2.5245243862778883,1476.0472656655538,19.620971939459658,5772,0
85.71566237219392,81.42288790411514,210.93595336710348,4.282055200432819,1615.9237183911616,13.34046826395819,4153,0
80.22342553234883,66.62919613204315,168.56745862283026,3.7249450675062215,1858.8722822000161,14.238144880808294,4037,0
89.78979825746391,93.49247843326134,178.92941546721062,5.764366502525746,1963.7360140597066,12.738413658927115,4063,1
88.33662105286949,97.23147872868957,181.45056837020988,1.2246669322323311,1148.5285785718656,16.147960654432474,5042,0
95.375399442579,71.0965405156653,201.2107720551321,4.511079887744159,1797.5660395164748,18.374797635909722,5997,0
79.89983601145254,81.9221543623205,123.82776665038486,4.375729044480873,1847.4267675969554,9.771684078356877,9074,0
82.30125064706628,94.95323408804158,164.8324926308676,1.8319453943675585,1716.7367231053345,16.22831559192676,1216,0
75.21236284217693,106.45996375769359,185.2820923069868,4.208560003767792,2187.3821517047636,14.169984684842564,1850,1
80.55706739923889,90.16634966140326,210.00197391067152,3.4033739556314746,1926.5340222752613,15.340183175900068,4127,0
88.77300493044852,84.17597647016693,167.70243881234487,2.7270284880559106,2193.057572424269,16.376982005022874,5845,0
92.56988616645351,88.53682847116127,133.08618234895314,2.0112774156336006,1735.2118438949303,14.435392683681536,5164,0
75.77834675822375,100.99901135318548,195.4927861491534,2.137068658260977,2081.2432477520774,14.689239439782659,9779,0
93.6960592010566,84.83228656700372,164.11594027935928,5.459774514943112,2290.519918358256,14.358374497336083,6038,1
98.55637858804951,83.60646394679797,150.25833352274097,3.000819382748979,2193.5080347817984,17.910948605364844,3497,0
89.13434903223701,86.13805182254374,164.3913652571694,3.938556001837751,1472.35752197138,16.25627988038249,8365,0
103.76795812558066,82.3733711339303,175.38686605860377,2.050920741998936,1723.8971767372857,15.661750613212082,1459,1
77.26210800896428,90.98136252795837,164.88138338654468,2.0641764645340333,1696.450588365061,11.187144836723153,9383,0
72.55345296688583,102.99742766775648,124.86084857252328,4.298381771099931,1946.7763605228984,13.864260770360538,4953,0
67.21279751095722,92.58463418492823,202.4266549221783,1.3805085461381614,2005.9060665043598,17.696007481017524,2041,0
99.96044311489183,87.9811719829897,211.87187603196804,2.5017434785136743,1548.3321977922792,15.113089719371768,3248,0
91.54365656354058,87.66550984867564,196.28804978348765,3.0408328932866784,1820.3515541750812,16.978594408767414,8033,0
84.44415329089544,77.49447353042675,151.55785823937958,3.133647122208063,1194.021800353159,20.2995354009829,9536,0
87.7996862631982,97.06487821717727,174.96271165131205,2.7850880579806123,2232.583501740567,18.11581820762645,1385,0
73.74510952701624,89.37730242389759,179.83696711926356,3.4749837373151076,1646.287727796992,15.279475013099226,6574,0
109.45751979616827,88.556160691275,194.96985973904776,3.831426906981374,1816.759181953349,13.46703248941282,870,1
86.29221181975228,115.54486054275888,196.70851221795203,3.881565054551196,1707.1050858035817,7.339351211832305,1943,1
86.09394794604893,92.3900232669255,161.6456550305376,1.817035429598608,2143.8082725040244,14.494845232581442,173,0
92.25766623898691,83.98567159923853,182.049888910339,2.6590138824854432,948.7480675807864,14.021962512549452,1760,0
89.81009231736714,86.58913923035566,191.43201011538102,4.433715434252325,1795.0168973022273,16.171098583186126,4449,0
87.23884024279131,99.18756567357404,216.39555805366916,4.073576625088647,1768.2543727506907,14.538284319075938,7202,0
77.09525544554688,90.90616328430211,197.61266349561808,1.3525686582227234,1663.909083722495,14.038844821689617,8100,0
89.71468357135996,78.49377617346107,199.72641718438797,3.421775880422642,2317.86796369069,9.661803208478338,9111,0
103.82024496475034,97.35383147660163,182.09566569823403,0.6261297007502278,1533.8011623432685,12.1800965125498,3918,1
98.45420046154977,84.65484731568804,215.2614786300876,3.0563218824724436,2031.5388531706983,16.429953122401674,431,0
100.93186626639397,104.98638220974037,190.24406989898745,5.277320420095172,1906.875836611825,20.147722893398083,1521,1
79.88784323568815,98.6403845257172,158.47280224566074,1.8625287392772165,2178.455775760655,14.70742384876313,7612,0
75.1039517974142,86.42142483472999,215.08424925312977,1.9988123454101014,1599.8432745667483,15.98343322072237,6990,0
83.74213079900352,100.2481308938809,197.4475818134757,3.9168357378874314,1580.1093302628724,17.857434470858415,5031,0
85.55724912288694,90.54284408421923,168.92389947178793,1.148638181748425,2128.8209722432193,12.56731819139925,9983,0
95.94191518470949,96.82218940097775,168.01267581501892,2.2406939641379533,1927.596392499033,16.100442129856326,6125,0
68.0753537028518,93.8778625383558,187.41438862851905,3.7157293650981034,1336.5187959969724,12.778529681003524,4508,0
100.29550319460614,83.22914676007301,191.5796198816896,2.2388569827727163,1638.2084956610188,17.594473315473035,5213,1
83.4199210142101,84.85160134146031,184.93230664078015,2.716836015346834,1915.9147961544184,15.454209143855199,8519,0
80.7311893005258,98.23968654064929,187.78271683607213,3.8930228523780412,2051.3292664639766,15.89535544194432,2981,0
74.87895624739832,87.32179734314768,222.4989343644095,3.5058553002438737,1596.2308040421135,12.652204207744234,2965,0
68.4514332813423,86.77081229406403,206.78857880587213,3.320182075554482,925.7232030549177,17.121097078832356,2675,0
93.23170583961914,82.35901936520517,184.76588978162562,2.5930532648759534,1956.96695572111,21.25413876369305,6285,0
85.73317967188405,93.38879252474769,203.53276451918708,3.444073338322746,1433.9037930168072,11.976264913715381,8756,0
72.10039100258946,106.50019935394516,154.1869024118115,2.851520783880292,1194.7983605632767,13.980722977057429,5841,1
72.04921227936384,81.45973668596582,189.94817624867022,3.5493667319109417,950.3022225047578,15.694822422504275,377,0
81.64215300709871,90.19375565338207,225.23265874332776,2.403681569858426,2044.1942580593222,17.35921863598745,165,0
101.69021525289392,101.29776444332343,174.54885261519064,2.7809172307445507,1838.5852351214899,13.321361144131593,4362,1
82.40408648636395,89.36286887003428,158.80915178452287,1.8120506489375834,1732.3030857863246,6.500909129571781,5804,0
69.96857046881894,93.61897436999787,163.69777778517349,2.957990867992517,2216.7073088888283,19.077568482492076,8694,0
82.54256935914056,81.50085177482497,152.7591740664403,2.026798963645386,1991.1974049069217,17.28151835875243,8089,0
82.2727643025233,93.42645677766119,160.3809522968074,1.663144259805608,2284.890012816575,9.771157408540006,6355,0
58.03113357058429,88.50284587996362,170.73729753524927,3.3103933774264656,1382.1793583499011,13.177293624661331,7541,0
84.45705133482188,97.8858399654389,144.86082452053395,3.2552877310291923,1789.6348128138109,19.704547288581978,4792,0
82.69065469791322,99.499088412518,180.39045834874008,3.939448481938287,1314.9859875155958,19.343389255373598,4519,0
91.96206364813418,110.71650913614891,202.55692934466617,2.4826493165098813,1731.18530044336,17.815920068036835,8060,1
103.48956094945345,94.63706538570861,157.30609549632698,3.489663416204107,1725.4152438699969,14.471662698120412,6178,1
96.26565029547757,92.60637053265734,217.98209809104424,3.660957086728396,1987.9840911789213,15.24896225643753,1537,0
82.3111130944517,91.5550744126187,192.76980221318988,3.5337285693979137,1813.6691643425695,14.60722258462162,8720,0
73.9347409125833,87.1746696575145,205.76451464060142,2.0092155806374294,1987.0221414839748,18.384719349806513,7132,0
110.7335980324986,92.70787074769353,163.55413615369656,3.179236178725427,2011.0320399416682,12.37247278051467,5831,1
85.59218434014488,87.63678871888777,201.36313067666538,3.4369683552655936,2446.4786032149427,12.582601035347386,3478,0
85.13929291912946,91.34768781015691,152.70165249011717,3.00861416028953,1705.4110034141627,18.030823760508046,8684,0
84.75874912889996,100.54078028486367,202.2561875209127,0.4962268099546985,1517.6931898000862,14.866915633465315,6447,0
86.98084760767856,81.94765947776287,184.29598349483828,3.1925875487681763,1873.8250845949226,19.135402066361422,6501,0
83.55639588076058,99.11902848903236,193.8312804996196,5.65503724727669,1559.3159918581368,12.985463379058363,6729,1
79.26337993119763,100.53692053871892,150.61013485937872,2.5679528774916207,2244.5882305309606,14.835664918983525,4641,0
79.53141058759608,89.05545178407137,157.62325394308488,2.1263074825736146,1715.0345883164302,12.232761045468141,7976,0
84.67246729784002,73.02516080793124,194.9307054563346,3.4480182716536776,1630.3270896378028,15.022088044270701,8633,0
79.56575228866235,85.13742410324454,156.29129989439497,3.374853852559886,1658.6052836546646,10.564359189003603,8424,0
77.87154217322836,100.37595637248887,191.58015730247809,4.431282198499697,2015.5252270414924,13.537099737135112,364,0
86.06430227691897,89.81705550160895,145.82155483849385,1.4905582129093347,1752.6759050305545,10.691238405215646,9977,0
82.45022782579144,82.00558214164072,201.2043553166667,3.877656303089991,1607.4999539608853,17.081769699573776,1534,0
100.0399298858269,85.96180063017427,149.18691713078726,3.708506473501756,2299.6055752870593,17.149768019278955,5427,1
58.49030191606988,96.72496021203642,193.8074984419881,2.8294241556713446,1543.149047801475,9.809211808546966,5197,0
95.91506851922462,94.37386854561103,195.64077334115,3.406424781506028,1810.669822209898,19.001657236501718,1760,0
97.4608519249763,88.08854320664244,162.58070453926064,4.2353489779180284,1995.691845483069,22.49224537925956,5792,0
64.2660976759185,87.06540470548249,194.55066417711816,4.04677845603414,1310.599466874878,15.138019160209023,2454,0
81.57312405919652,86.86593480764942,186.5110565833389,1.6283768255115256,1944.0781504217775,13.076657219326066,8557,0
81.28559134004209,82.62071852401198,166.52895359518155,3.9841898241065814,1483.4676973558653,23.472991773009138,6561,0
70.92488305282178,102.92300551575553,154.7861328980948,2.922373673960978,2046.8348342502009,11.043094505092467,9428,0
77.22183312409125,87.42143624630928,130.93435770818553,3.0874489176186186,1511.204696424307,15.060319400607295,7144,0
73.89424154534171,99.73726816660397,188.74125118249233,3.0878363892020335,2007.8307095546581,15.53886681789577,5597,0
102.52270443423623,102.17052841537961,140.87993071594863,2.819708413442088,2131.749919888414,19.035442861357243,4649,1
94.35678393147461,97.98648718518368,182.3836049860327,4.430048996528478,2058.4309576898413,16.079216925380365,6434,0
97.71555094994159,86.54703749825562,173.41379459794376,2.8995384481809454,1875.3949944714307,13.504098312634646,6110,0
92.21672064043236,93.22984072269287,196.9785693859549,1.6565446459401976,1730.6097171210902,12.146446888836131,5026,0
73.70948228782771,89.80643514887267,172.4488625127534,2.5277641728363256,1627.0741270995468,13.974534539261594,9682,0
79.75479733720226,82.77038511415897,171.76380534132272,3.214433660172571,2241.310407245131,11.979217917164569,9404,0
89.89374561227918,92.59487425377283,198.29676760720739,4.47505774115646,1590.151433949707,15.143475959354049,6165,0
72.77872191108054,80.56768167072158,188.37645072710293,3.7237136219386002,1488.880177929001,13.30741146041854,2279,0
92.12998430172388,99.50143510769252,187.90389892956946,1.9793576655035474,1999.610680509849,10.51788662013075,5067,0
82.59674601841866,86.28306162161286,191.73168974521315,5.98222790001467,1561.1589590440515,18.76543736512471,734,1
81.25179192450402,91.60927724698271,141.61069691982235,3.3177303731735757,1514.980950760162,13.506982429712881,3731,0
92.10959968203491,92.26630297236913,198.91971699967456,4.530468885598818,1366.9187213490704,11.195589585074062,9691,0
89.4426331148604,87.92876021036739,195.31171985034007,2.817942679707325,1655.1270481618446,14.495222596537376,4777,0
81.3903383418092,94.69355041180219,154.58292178558756,3.640031093646539,1775.185492831052,15.205114697902976,2318,0
96.59329803364248,86.2007707470198,173.89798815814495,4.007362205422085,1872.9275182982096,9.760599823262899,1489,0
74.18936672400102,96.97037837965796,179.01731780930922,4.461833654105107,2085.391873289845,15.994943001377289,4376,0
91.15935606944264,79.232162558026,176.6375803899567,4.26884196645387,1958.0693770997382,11.858527293929207,1349,0
90.93101257968384,91.0110366363713,188.34649916421336,4.046636400087573,1742.738334134046,20.133086427572362,7740,0
81.9045356068601,105.51143199246627,215.7841695457796,2.6218959225670697,1740.5412970860841,16.571881536230205,5812,1
88.26133022242118,81.9973494031554,207.04416819182072,2.3139047496527265,1953.047240674555,13.80030002967205,1345,0
72.48886423614697,84.57804023580118,147.19452016421485,3.399129012389037,2181.771048878571,12.764496689047949,8345,0
94.240270192069,94.11126279727132,195.5517497576512,4.119753686809283,1837.89425984496,14.685096877309128,542,0
83.15097863557011,91.43665425551679,213.22333298838524,2.7327351590680715,1659.2607437368774,16.838372224749868,7076,0
79.7727697948096,92.80504079418847,189.67021301723005,4.278206358857264,1502.1401996743364,14.923517614244401,4775,0
95.49009225836889,93.9134970411813,207.27451062964917,4.743140094583415,1366.4384206763323,14.34852357858943,8053,0
77.9565630945724,95.07777174849416,230.30676114251912,1.9004148971118964,1999.880901613057,15.175110872453686,4477,0
70.91538703636441,98.87759873564978,205.59273865267454,1.9956951554444642,1973.393557091867,13.188423206289135,7158,0
69.43370826476097,93.2785492554281,186.23271489104323,2.831549929313596,1973.2090575319985,13.970382219470887,922,0
91.0600995134564,88.06993876305167,206.12721185211885,3.3691352018270355,1761.4021660943831,8.742622683284988,3039,0
72.19570647503717,95.38058960962185,183.62219582742227,2.3705195834795387,2222.080423767525,17.921178692557103,7196,0
102.54794181984364,105.19905547916173,180.59757608212388,4.622643214640573,1654.7644516245546,15.896393340965286,5865,1
64.18070592116278,88.93893002893941,171.2146441071567,3.5088802338221416,2086.5807711621615,12.67963246789971,1131,0
101.96456368290038,82.20376556263487,219.0853339708027,3.0473364578888873,1788.3771315031372,20.696204944065716,662,1
87.11017467202619,98.85664535429578,159.53928335144997,1.276908571357767,1617.4947705961988,15.26104944117716,440,0
84.03286888129608,89.03695068837122,218.30919311695288,1.4210210202869915,1977.7590921953283,11.89156928407441,4667,0
79.5508091319105,72.6186436318877,192.4966030935093,3.3372111003381675,1922.8908356051982,17.570212264411374,7962,0
88.9913611435207,96.77937341720337,145.01734562995148,0.44088524861419653,1907.091827780078,16.194144649527786,2396,0
84.62365297575151,85.71737451236862,189.19123232478555,4.215164891572886,1824.3835266168596,16.18373995645266,334,0
96.03301882016521,89.27573374156671,127.4993373087094,2.8102153867532156,1788.6320754849507,13.722733186045229,5302,0
86.1422764866204,92.65584264455211,195.6377004207759,6.891711563513679,2516.5115978611316,16.351487171334103,9408,1
86.50301761461877,91.52399743823253,202.13078707472476,5.769499500739332,2155.2769935588517,14.214725129336717,9709,1
81.36387787786144,95.67561453711231,165.19110110869866,2.78226111690298,2016.8480684956537,16.667824354937526,1391,0
84.43054376278933,86.51610903544125,183.08869239888955,2.872395596962422,1833.5397474610165,9.285166637968084,4827,0
88.0780176889206,94.10484638540866,228.85393584375714,4.194697816802435,2102.147160179001,13.698379611062432,8820,0
67.89831607343375,87.92362657932867,167.3563323934516,5.043807131901645,1955.3984329174355,20.166465293424586,3039,1
71.51814577894287,95.91048384710002,153.527310323585,1.0343651310767799,1807.8614258322107,12.6987976337991,5535,0
92.43264094022715,94.92293987210442,217.04158506156497,0.856349441574376,1708.9307024202255,13.18848510752044,7081,0
86.70865438127942,82.51649038364323,229.06467976326988,2.2535582333347426,1775.7247987011935,13.656115984650075,5492,0
83.1601666364732,98.68785692940025,180.09239179619618,3.699285099808637,848.8722792365833,11.35558159233407,9621,0
85.18433933065393,85.71229243908762,205.2865758852089,3.5962483086091166,1863.1802517892925,8.375157671315243,8072,0
88.47581705361671,96.46446238624917,213.53689788827202,4.28372574598062,1653.457175966892,14.308240804429161,1333,0
79.60240319690638,92.93829850721073,161.4378941865404,1.5603629659616303,2277.8009994848653,15.40757827224497,2900,0
77.21695274597687,104.70546941436098,167.8673541158033,0.2206273644373482,1805.8032212435262,14.842484794384044,2875,0
86.95845255097682,88.21227214102518,210.77186282886836,4.029617034362574,1443.3109741395115,14.565364314156339,6144,0
75.21627222384969,87.20546563105442,222.12535696771272,2.0061644724417187,1785.0359537615648,15.129122612551162,3587,0
89.08252755714472,89.84464315289814,194.07202150435887,0.5778145627336344,1486.1636744812488,18.06852441465229,7483,0
67.9741639576216,87.5745617373258,158.00464116244865,3.174076495151258,1942.02222471374,14.42866144221235,3950,0
95.29155637325644,96.3995352155364,229.676527792486,3.9518108258624127,1887.2842093018455,13.27775226873819,5097,0
89.72597482413043,77.06951513250729,166.72572755470088,2.8535314414544675,2087.3518893324804,14.15662354533574,990,0
87.56029734313876,81.57054064682917,171.6215554707137,2.450581936581013,1562.7354624916304,16.738040279270326,6020,0
94.82690983945514,81.45757662736645,188.55844586224055,2.808765321424912,1810.202428868444,19.236080635629747,1288,0
101.65474444462576,97.60246073578861,218.85401051786937,2.5553006851190605,1390.4934613720093,13.115568782492465,5744,1
95.1437006501813,103.6849069806554,201.3493994138056,1.3823434656717994,2010.4484345774144,15.29680136108665,840,0
66.59125768668355,89.16440625170023,190.37163750904776,2.1423831876114816,1955.6613541320366,16.01507232580788,1469,0
72.20423033264298,88.64942621447992,191.58221325295267,3.6255358860165776,1948.7415063082713,12.02226597981353,9681,0
78.75181422304321,90.56041730490546,181.08786671608667,3.3860142496518,1800.4857094070824,15.061251501638754,2100,0
85.26091050210833,99.29502642086553,193.95348786296265,3.2016717671601844,1924.4318672366373,10.602978427973714,1571,0
90.17659020469122,82.58117492647541,116.76099805764242,1.8058218217759447,2281.301732492579,9.692849088781804,1636,0
77.74256186846534,91.90695186187828,172.58481352325504,2.7821962054371996,1714.4717228873958,16.10023922367677,418,0
86.86766764477078,97.80158103825944,186.03304837291952,0.38752194426857445,1841.5935551130253,13.848375776007652,5253,0
77.44617067646678,94.00875335951876,151.22464790951233,3.2141719966624676,1474.162110245577,15.606841222863657,1994,0
78.88482197008052,91.51665293278995,189.658082945289,4.714629249376281,1539.5217115205003,14.94631506897495,8091,0
70.93338903151778,98.00836874053712,174.88821947534697,1.2310414415494733,1829.3439879279922,12.070799854008609,9567,0
75.76766753889096,68.3741416560061,223.88689245788726,2.2968867920186935,2131.180064010572,14.86423709410699,8692,0
71.48315394383667,95.42300255624725,219.3254931303714,3.3949281344521554,1723.1157527245282,11.300696084955435,6035,0
75.24126747022667,84.76739453498061,168.35486077204592,4.503411161312981,1729.225041206363,19.172917074004204,823,0
95.5364179660784,75.35493682514834,176.22905721083262,2.4621304604398206,1677.9344266486876,10.932088965420109,2429,0
75.50601111168056,94.08962079619985,178.1513108597902,2.1692996048809245,1639.572998746703,14.412644187094257,9427,0
111.32382064837391,100.98926836130366,168.70851309600943,0.6372922291007002,1888.4914367126464,11.873185235858255,2870,1
89.93317900880889,88.90041188297846,184.87562460070316,3.1241257551697275,1350.8227064464068,16.711263520082387,7645,0
86.84836123694873,97.62299637762351,161.04294827781024,5.450491248172493,2184.281873000018,14.005705886155491,4946,1
76.41642219818786,102.89822606390916,151.73461662656183,3.332830154357611,1600.3733105611618,13.44399984113637,367,0
92.00309879408991,100.51931562867237,195.56778059750673,2.973265224979544,2016.5710456314423,17.559604635154663,669,0
79.24362173762226,103.11971623497115,195.73823960554526,3.3864987729203824,1419.0004207818372,15.088291775032657,2073,0
86.22009814645361,95.93701992857514,159.8921060085002,2.9866895952616774,2000.6520391638655,16.5499333378079,8837,0
110.60084538268795,90.60346911121275,202.383885769065,2.0243827532878442,2001.5833823443493,12.056022190447607,2922,1
84.03940100275351,77.18427350482266,164.2105567708667,3.9879358988132463,1915.260621601769,10.785549168217479,4560,0
96.49273326285676,88.0315000949604,186.32913095094952,3.2709138277341054,1501.6714434600624,15.3216238861204,370,0
77.96823574874112,83.25402723747047,200.5086003153114,3.0211359023203888,1874.8644568794232,14.043460933515806,7741,0
84.65011509503039,107.36754173998251,179.1596858824072,1.8295607672661,1445.0831445796832,16.879304017361832,9030,1
102.7080063563551,88.5929135005413,191.36852280352835,4.564209518321711,1724.1710234711445,14.760274642012352,6780,1
78.73032942212232,90.98563845427589,167.0892589028107,3.797643294399732,2108.8239302865977,15.61522601770389,1357,0
103.12448557996929,94.41188300832374,175.08833541429757,2.3364949951592378,2039.0105781212226,10.12985241017627,8350,1
92.07751935455475,90.34881957097963,174.8535142279915,4.2021898244183244,1804.5548827621299,20.66531081884277,5470,0
79.37533224105732,103.56040832344603,161.33554133649403,2.4029149939377517,1507.5580272231473,14.507274044903905,4958,0
91.3240773905552,85.01880510612439,175.58064592210545,2.0615958089867554,1993.676313652258,17.092760911017596,8681,0
94.7255444962673,91.55685964189794,141.28454252840635,2.0883562590236555,1805.8143713094075,12.49172498934112,9010,0
91.21809962217196,84.06023531441562,167.72115632144738,0.8747177362942908,1103.905320530873,15.924029706652023,7099,0
69.29775280109544,79.43981991023435,172.87811266575824,3.565850856501847,2034.7889478949555,11.091465709425764,220,0
77.72862824175131,85.10584727275771,173.59550618761548,0.8026261459939801,1792.7301498390923,16.35620351477901,7008,0
82.52481364448495,89.7037056236127,173.96256385323053,1.525867402481085,2160.7353743949216,13.932077746842502,2403,0
84.25566570899954,86.56558220386192,178.45589500349678,0.5092943891057602,1471.4188443471585,15.087571511806702,4961,0
91.20672097550678,84.46063216100916,191.9860379521516,2.8967163686509285,846.9888560411998,17.093922090390294,3011,0
86.77701000933254,78.74946029062534,201.86292685331307,2.8196154476737534,1883.7251575035555,11.30237906633916,9091,0
71.64655641289899,89.33515541897044,163.75586932879332,2.607964544176363,1887.469103004592,12.946524808161609,7336,0
88.80197851005963,77.96223700775198,149.9199786152714,1.7489067663953086,1292.7985117180644,16.371972843260295,5665,0
91.10585745283824,96.08044770951682,153.9488896939224,1.593319495876032,1506.450136240018,21.294664423640242,6631,0
90.5979044793104,90.65951802347602,167.81992697012683,3.557243836255889,2626.5653231159704,14.585752996015554,1209,0
95.80780725554622,78.33958800428056,171.20196705458727,2.339337681949815,1708.316815753859,16.7734083537718,7029,0
93.33922154548904,87.52632738360109,160.75009834506358,3.3796299858433736,2019.2876929128647,14.67908559042456,1350,0
89.59180079228437,83.98274875527534,147.59708339375265,1.9377015766509331,1604.802051789485,20.8267367842689,8277,0
84.29834288541353,92.55339608335345,168.59697931314528,3.217275291325299,1172.909130344053,9.758334999104234,1749,0
68.39039066484008,100.72360356818515,184.53566550284927,4.563933644779277,1748.9225259612283,15.283863134008074,7451,0
89.29618219132585,74.99862024283405,194.8757366458891,3.7033989604713398,1720.3186319141685,10.123367899313816,6011,0
87.07687687163111,90.92020863317934,166.06442367229198,2.5051034181402234,1680.0365283994886,7.48028528838985,9637,0
87.71578837195374,88.71893763546687,169.67505444641415,3.308638764427113,1765.6077493480823,15.89238615935345,3056,0
72.2325142417969,95.37072061160373,156.83254227881724,2.711201790563744,1879.280481493691,15.418493388442377,5928,0
74.18943459591738,91.70557302590151,179.2140207406306,3.0094562216336738,1754.964914623858,14.145489186773396,5094,0
95.53152853332904,83.98424534608945,158.78928414522963,2.6092667374217955,1420.7981496157909,14.68141772988074,6536,0
84.60444846143345,87.44756851466705,194.32819533103,2.8027977529375305,1945.8554374685816,24.294898302213774,8776,0
91.81500697372624,83.63179314557209,135.3533377016472,3.2545120236890104,1215.188473403273,14.225474585905697,7714,0
85.28318376130461,98.60805710878878,171.00925818868845,1.8079695605016592,1184.8927628147399,16.530373083750224,9094,0
85.29756139495746,90.17049318937553,187.52768347979355,1.7809454076120261,2021.7541484104704,13.051905541158357,1815,0
94.38283805975998,105.20952548602406,184.5958629080626,1.3337489354025467,1952.106081640607,15.88569772512181,8250,1
79.83955271782627,89.51471348948303,247.32584159951242,1.0796746745955481,1782.7813904777893,14.285298974833147,3583,0
85.96120776940984,84.3327458647163,188.7450006141977,1.5392607693354248,1381.3654485734785,13.76844455181081,7775,0
80.37724711294958,77.89028485909738,154.89863507894975,3.191355008164955,1587.6267177977775,20.456695596600973,1857,0
80.65503772567685,75.57488258995244,177.61339382277316,1.9286549814097391,1721.1759756940487,18.531554889553018,1909,0
81.90827876531361,77.32691245595608,135.5938416633387,3.6163373570773154,1321.231809427766,15.410239942197691,5639,0
87.22133771633713,92.13701320809187,177.98500626758099,3.041656498503074,1578.2914025930302,8.0873641921681,6148,0
80.21251378336522,94.06980018583947,159.17359857498104,0.6377949438743356,1995.699101453004,13.916972330242292,9962,0
97.55756125573521,77.35047438374293,202.88475688900405,3.7859707010660277,2228.191609286765,23.10908269321525,1251,0
76.05392697780496,97.16030651260893,166.26149313511164,3.9729583747100516,1674.169574202435,14.308015000080875,5592,0
83.13128355838641,86.13551158653249,177.08085210511882,1.807364790198176,2026.9465062948295,18.309652716160976,6811,0
80.60268941725825,91.1743440958844,164.11105396488992,3.50422985147399,1225.7819788237598,19.325827205857802,6402,0
99.46977884353733,102.8977650260434,223.4712837963333,1.9722021151089613,1997.8353723340833,15.656891747567926,4847,0
86.96554776511574,97.17471452692425,171.9689308470522,3.1172044520980027,1558.8154755817557,12.474535104395542,8502,0
95.31844539468635,87.85175481675334,225.81392608698005,1.4826019116540412,1892.203685012391,7.694063004651335,4781,0
70.14439626963028,82.8704621966777,200.35379405295666,0.8482722569585079,1725.6742745280872,17.052489625826865,2607,0
87.67050265869258,72.78547678936556,192.05166818338466,2.5406193724644375,2196.12420293515,12.555731991529356,3063,0
93.89630795623437,84.24677344606064,189.218328682938,2.8515252644701965,1537.6693054980246,15.528451355663076,3528,0
85.82283989275425,88.31095808937845,189.84493245540628,2.5227843676624753,1988.2818892685493,11.250538981231909,7594,0
95.65480375065351,82.10256378279053,131.80818551635974,1.5791633301329286,1716.14776101104,14.204287378589393,4055,0
79.82711549899628,88.94994426326156,173.0279151462311,2.5201211254426354,1752.5083565971008,15.10115716470316,3805,0
99.0934744018558,90.61481506367015,201.12894927960804,3.3231537030968807,1744.843832052237,15.805780743132894,4138,0
107.9889812361925,88.20115214553537,178.77757041314737,2.9461283638529556,1546.2980686517662,11.655533437942758,9344,1
81.37161439560342,84.79997935341233,144.8702538299106,3.219001236719056,1795.7703102279986,18.590732846284055,813,0
80.54497478599228,91.34923737573382,178.68988873556327,2.1958617594549206,1781.2055333634535,13.209315645804086,7360,0
99.533844771177,93.53552519655527,222.6026379063873,4.406061497659391,1872.3720745220187,9.976591618640263,7111,0
100.79572145730712,81.27680738045723,211.172292888368,1.5885919961342634,1825.3515437078588,14.672929740109609,8979,1
79.77139972846732,101.28745903797017,178.4498997658492,3.585072356504062,2039.3983648836709,15.10312592707938,8621,0
80.79813182904142,89.21129494172591,203.78623192645216,4.418269311551954,2077.0525848142106,15.481768299515279,1846,0
82.18215391139493,90.15079698355878,170.8373244907987,3.5770897112986746,1484.8130034516596,19.08639721105524,1307,0
71.55549488965723,95.66571538605245,137.403210329332,2.756970927522204,2060.6317501772314,14.290653489792422,884,0
75.81348053515802,91.86572905010802,156.88835029676113,2.366043544004425,1444.0990718670437,14.641141126893686,2796,0
74.95859233247933,97.62509307130595,219.07221921270494,4.243305181255507,1976.3567664413206,11.69044685630072,7173,0
77.32202434895872,92.2969933216146,173.1501729542674,1.2924300896859924,1985.9216354108605,17.46166050866369,5136,0
84.65315112613219,85.1005010028765,173.91540051562455,1.8358508875444277,1226.6049325012486,15.55292719223431,7227,0
87.3421473253652,92.89202820164881,172.50404509312798,2.5229306814099344,1827.893773958823,13.739916818117512,3818,0
100.50500492814076,80.85019034143471,227.60341473932516,4.485184509014398,1659.4511659919053,9.285975919603608,5875,1
75.0164595926121,90.86847764621218,220.64897288405157,3.455721163249075,1572.3704226193875,19.333236585165263,8010,0
94.84322398476584,89.73416007484431,235.46950583620335,1.8383450897877056,2205.2556992097016,11.316960106631829,2793,0
82.86011155774491,88.33506514181968,176.02386973999873,2.627630753538116,1603.8962578087744,13.226165971890882,725,0
84.50536290347567,88.97169990848856,187.39061221867738,2.2628122270844466,1558.086921264585,16.07503353322801,3808,0
91.74819492166604,74.94520763601889,142.08393626448023,2.148253209319758,1822.708482001528,11.41032621414994,6959,0
73.77277978437701,85.61020073807231,216.92336065295686,4.174667470268135,2005.676923889525,10.519470665240569,9053,0
88.82409746184051,90.74275920912892,150.80551121830163,1.3539082448837934,1757.505424196962,8.628157251898006,7792,0
86.66452208213056,91.27885113597921,185.41938909406574,4.9305370268812485,2149.9111637007754,17.162990858716906,6498,0
89.92451264008149,81.77859887259234,152.5674368091789,3.9938756282215473,1959.2926985892273,13.364441265821034,7352,0
87.89168643907819,100.12566272691761,165.2783293315326,4.309034004724437,1146.536604080571,23.78181027741999,1655,0
109.55300139910895,83.070601214284,159.06843922375748,2.44447258556969,1641.1599109478975,12.016934803107379,8967,1
78.62260015748684,97.7556576042139,164.80311848310456,2.8200711371050686,1631.4473701944903,12.235646929713237,4287,0
79.69003044998182,93.41755489497348,166.52193242127552,1.2802178225703458,1943.8082860288266,13.303821089143796,7867,0
78.76859473575236,84.83018152124957,166.29328012687307,2.3704051115198363,1012.5548830877665,15.729403965415468,136,0
79.44522880839746,104.2024871408761,200.8333477945077,3.592385817171781,2564.7029126153166,13.589389983644066,1887,0
78.62612872693482,80.45090534594816,152.37843017343698,4.555275674137675,1959.307828468263,16.836996642007534,6383,0
96.89016531107552,97.35323338888001,185.51353567534667,1.671411819837058,1844.6630411753074,12.064234830034037,8160,0
99.20504247989855,98.00465854434383,210.44897880763895,2.561392875617681,2154.470314925744,10.855224844609257,8165,0
79.29253706250523,84.63503832738684,167.1700908871651,2.8184409357209734,2503.0962158437874,9.605355781772678,3980,0
76.67644426895771,101.13972240051463,162.05202773130995,1.325052957369018,2061.223993376521,8.32927749618841,6032,0
89.71415556386404,87.99962788320838,174.23688437049373,3.7096190901100803,2084.643928941486,13.44579294157483,8428,0
79.47776955719029,92.30954903423886,209.49313020901775,2.131211601908869,1839.2070073393147,14.097059062820334,6433,0
91.32931817755511,92.08257471016977,184.85269077383396,2.7655315785875714,1757.5422739899154,13.10568891755045,5859,0
87.029230208513,88.92553006823562,166.71964263481004,2.457660753705747,1657.2613667985297,18.730217391561485,6585,0
69.84255885002769,96.48646618527826,192.096916279701,2.0527937931363907,1552.1664024856373,18.684090628824407,5167,0
100.47505201330061,96.34790976441771,152.4426962540894,2.9915460174233344,1593.8957700901508,13.995591037666495,761,1
102.95877673095522,76.01174421409455,197.0339877610737,2.741268505718373,1394.833210697105,9.618236660424111,8073,1
78.87211309515614,100.43472194302522,190.2151826925442,2.5537705412656013,1777.238564794493,13.299884675834841,6486,0
81.12298440064016,76.70006409571461,172.3047882215279,2.125846053983589,1294.599726832084,13.200535818248817,7987,0
87.85865390724905,98.26036963473325,159.03535503881923,3.3834296049395465,1857.2749572431132,13.028595113165826,514,0
88.34456789987026,99.01364109462067,157.83297694291358,4.984340722190742,1789.1008175872976,12.906843288305264,6950,0
91.5854427267283,81.27226855827841,193.37043340864776,3.1678646794069527,1844.0805895160063,13.039611312825578,8634,0
105.1020453876635,86.71348569636332,210.72451256222655,4.195341857893355,1643.3605289940024,13.84037515230672,2829,1
83.2305277250595,81.15436265211251,164.06730632428014,1.331733689815845,2723.058111054151,13.09337670355333,3997,0
77.01702755461547,88.28063175769012,191.4596675887871,3.1893137271525234,2208.0347700540938,15.624967525876777,2269,0
71.20680771985472,87.53572572651407,127.82432453494829,1.6831580172347202,1426.637249974583,16.081106147714582,1978,0
77.69069960058081,96.23728425815472,165.38455673357,1.2276900869617184,1869.8604262280694,12.26806473845253,6554,0
84.66873027126204,100.48246996895686,179.22352667822744,2.1127543110491565,1617.5981571188029,18.8131959780211,4670,0
102.94557863517788,101.16547048631965,157.25791457545415,4.430279201296288,1495.656081987776,12.059813094478157,1615,1
79.82388700963828,85.50265578737358,156.5873406302601,4.140018994403575,1397.9783786628195,10.146598158553989,674,0
87.23787951638899,88.32622501004377,163.30551108827785,3.2916056664652795,1929.6650072277762,16.142334214095154,2967,0
84.83577103927247,76.53249446223239,187.30481820815933,1.1607593281320832,1595.5859294791278,12.547775596756981,3644,0
96.88393273448084,83.55303946803049,175.31677453984062,2.764463218334476,2090.3478072075613,15.963874412272164,4577,0
110.26932425873622,97.71881306477967,124.0442191668757,3.3620400106820827,2098.134664359132,7.788994196698409,171,1
79.6913122707968,102.92466258838586,126.98249618412335,3.2106434754943174,2212.174315563435,19.177367824449203,3080,0
80.10560557481777,80.12520902496063,164.8283705535706,0.787447699823105,1544.2839701777689,17.016880224121206,9409,0
95.44160877069072,85.26028592677685,191.4421646513388,1.9316185823761538,1942.609683207603,10.498570352510995,5592,0
91.81891489626311,89.78875394432859,111.31237893186913,2.92310668302154,1989.7362649926902,10.563668628461143,9651,0
103.46707325736034,92.24128927055685,167.50674559620924,3.6435490914206277,1657.7465474688106,20.016797712292583,4859,1
90.83928185325964,83.52317184062683,166.84380358706449,0.3646466146800642,1568.4684127821374,12.787860289506124,9807,0
81.40707909212941,93.39248835571271,214.70844445521118,2.80545122942417,2282.856199732792,12.49744545380213,8184,0
90.9065483069231,86.20928522343267,170.37445470717842,3.171658523854743,1868.248762719616,8.201843717552151,139,0
96.08703580582907,89.88438183297377,189.57472461852322,4.019534386219456,1990.7903252135213,13.947665383195337,9674,0
93.20482181197364,94.3702739840296,183.53142850218657,3.831429101084924,1553.3771964516218,14.316841155492742,5473,0
90.07274031107298,90.05137815848751,126.73583800481998,3.699085582570566,1434.2146600433418,17.146479290308456,7665,0
95.66674689589154,86.50891287578744,199.20518041579342,2.040071391957679,1629.1650676523668,10.802764715446575,2000,0
96.69295590445672,89.12312156859335,185.3849126364072,0.7103974354520308,1762.793583783001,10.439139623278171,2317,0
98.82158991037527,89.29309632635731,192.70671599186474,2.528336691526319,1480.7339979547953,16.35288790432943,4896,0
91.48709887589642,87.03991176094299,278.1559426609082,4.201958190250272,1797.046557404885,18.020190213681193,4706,0
83.32881919683146,87.92963149866318,127.89717651253528,4.672145433029318,1293.44844357945,10.28654294664635,1383,0
86.46713686433323,102.78917736403774,223.1174162440277,3.8526589227573425,1463.9857732590383,18.244542258899223,8875,0
97.06508966508358,94.4873555835299,172.8138120149911,3.5152089873620813,2001.2733744830625,15.112625524460464,8750,0
76.83064329012764,87.63615745576672,187.18322261007523,3.4555675780631585,1981.1371560833682,18.275416017223936,915,0
88.68673308872901,95.57563523608589,178.86219386746893,2.3326575038870634,1682.43697038394,14.78933891544715,2611,0
81.0666118767264,87.32944408195192,169.3940916650489,2.843927647735656,1494.670707276914,7.433166247536149,346,0
85.28744822934817,99.38499710069313,165.75417679403103,5.002883430991597,1491.7789345421968,14.544097853051884,4925,1
97.78451862607298,92.95713753758476,188.23771838932524,1.8689303930497485,1688.0195262176057,18.18043145601381,6616,0
86.91099068019903,89.14158284796616,142.07065758320803,4.937734548851822,1993.3555474935874,12.318761942748857,516,0
85.46436548156149,93.58173540648222,198.76447918804413,2.6135662146095298,2078.4737074032973,13.836105093277643,6802,0
71.40143859020081,77.432990783452,169.59513987786866,4.590518530914094,1651.0404793554094,14.471599489347065,3817,0
92.46253566027221,80.98586024872156,151.74826652399105,1.311821988602954,1453.952272204565,6.301458360394555,207,0
91.45484181141076,80.44859994880755,168.74967855010465,3.703085041397579,1880.3530913599,20.01404272631243,9130,0
106.6325472330546,91.14354475810966,211.42873042156432,2.1158758368628536,1552.939508812245,12.295872960308476,4613,1
81.92221765046999,103.86011999588074,166.61662282459443,1.301679369690975,1644.5242083416392,16.517206297418397,1521,0
87.1915032766394,107.85040116954106,188.9613404552405,3.262240850893135,2197.582827131111,14.739896591555373,7383,1
87.49383683710755,95.10440881152606,161.72609310711317,4.211366146315163,2048.1346285697305,18.77285716907808,355,0
100.77453279763475,94.00675579955566,198.9480462480905,1.9860702736878044,1847.3922936754354,16.218168367284242,7348,1
84.04704467613048,75.59153812677809,197.1376934697551,1.2011808474499186,1418.4242996661833,14.295227185437076,9129,0
87.7902152577034,85.65860960212783,226.2152208324103,2.889786282798054,1863.4189702411977,12.31945472244216,3062,0
91.0789650971654,83.69772998473408,175.6109013625196,2.8950776054673826,2118.7971872362577,17.393552104146416,2382,0
86.86609123156359,85.03321921399107,196.71637011894768,3.6579835530653986,1687.3099002703393,9.37967608813615,8844,0
80.53566385449471,88.65484945132168,182.45168848847362,4.139513485637385,2205.3342269960144,16.937671260827678,8472,0
86.94089992898307,86.22327537842298,212.39679454657536,2.928701782473007,2187.823586855462,11.702865745335382,1577,0
95.73631749859771,74.1656015169937,162.02919030978174,5.226603977753116,2299.119849643042,18.75685098586992,8862,1
74.73484700588939,95.98328204894027,198.62513282193203,3.26908169344235,1891.5729379594059,15.483898627988085,5052,0
86.32969674146877,81.41805579408155,175.13256759708295,2.5842881927917203,1976.2175099418037,16.932371303550326,5980,0
77.99879185060827,91.9139749128892,178.39529557228755,1.0661191690766065,2224.2561864993268,15.245966441474158,5692,0
96.95046628924842,106.59266135799979,182.29381211120932,2.6848085756205986,1934.2181811206926,9.74286871457701,7191,1
69.76813095216225,82.64492326730861,186.30600991066694,2.5963356655066363,1649.6297676629363,12.417812509813984,691,0
79.41078152728412,69.75769981802937,177.09427392195104,4.152365755537764,1665.4371490416415,17.017168012834148,6377,0
88.7721187506452,87.71196622495911,185.36782957926317,3.5549803488802247,1871.5664861321218,15.499967452079533,2360,0
100.65524029234341,98.80767707998857,219.45295143905463,1.5847570540408593,1412.8315734161345,18.542969715917017,447,1
84.34249738927012,105.66677963376475,204.63624214038046,3.206705263693245,1757.0223253907423,16.209823689111516,8457,1
79.44800473306802,80.16360324438067,201.72886481242242,3.805837406074864,2128.964135469076,12.09989432789202,5132,0
103.8115706944059,93.97359378589218,168.61151184940323,4.8336376312653995,1142.6238446504158,12.611807586838097,4543,1
70.51986099583756,86.27751634575958,157.76897929429188,4.065004760896871,2260.3446305383545,15.308752171569711,8874,0
63.01194043379918,89.15241316556691,203.8825139559438,3.9130159851737734,2136.7122656109477,8.057867801999684,6969,0
89.40014450053333,111.15474677613628,201.90116981324485,3.0721031935381964,1662.0706152508571,20.020325656868955,5796,1
79.97945775647389,77.97623737283877,216.81676689377454,3.4659744065081397,1963.017248361543,16.325240209132673,3138,0
74.78767182869287,92.0299172919566,164.90048435076926,4.499405880847391,1800.944318071898,18.68110379114662,2945,0
92.08356447299353,93.74154537412346,174.26128361599132,1.4006671230244203,2168.997110531605,10.258188177572492,7964,0
87.43800713771199,98.68629059951478,139.01289593686414,2.5806728073396528,2094.8049428309823,18.733695481065766,6709,0
79.35921369263272,90.78386522776717,170.18822234847818,2.072917501492511,1379.9787830450973,21.694496733083245,1365,0
72.19695601329106,92.46440431603281,204.91426276448618,3.4549837424713488,1976.178724039253,11.037364933868048,2374,0
93.72457328280144,86.86681146062567,168.33761551929504,4.476266610780945,1738.3116439070257,17.3142053847113,2570,0
91.50201177958661,92.15301552996085,196.0119948800206,2.283630855934711,1824.84977115543,15.00332983406188,2677,0
84.00824136220618,87.25446179602072,175.23742235005471,0.13163475903667443,1581.5484297090554,10.366698455255268,3760,0
103.46636996047665,94.97257511884841,188.10142570553901,2.505335105970636,2324.4411207362505,16.47865191555561,1168,1
74.29915233673847,87.04311731165093,151.30771525460833,4.096168478420887,2112.0185459707727,17.500809614512043,5691,0
69.74474829075261,93.01680315121749,182.13023624084752,3.6451558835398554,1578.0686508081099,13.196620341993459,6074,0
78.08091930118755,89.76589749052017,105.22160072748191,3.5138234973726914,1399.6168179269303,18.49774956076567,4929,0
84.54413983644503,99.00840200617735,175.32759604595037,2.6640080377506243,1684.2982107066455,9.999709779632408,2050,0
87.43339449322691,89.58885021129211,139.2381689071215,1.4651631165362564,1930.3507938273917,10.515731560651068,8383,0
82.5876394214367,75.81574025434495,210.1498629136704,3.6183531859493607,1872.0617531838668,15.409792186766257,3193,0
88.52055396514297,100.09537200571194,199.43518381911278,1.9988618279584502,2175.939847430473,15.076155833916815,5411,0
72.48460575809555,82.75414159309905,191.66677454915202,5.620916080056547,2036.9759166542558,12.850279534727685,1487,1
99.4376460407326,84.76986929080944,218.0251556789845,3.684608650025419,2090.870707725872,17.42878330791566,4374,0
84.17848821607431,85.23470964765207,156.27708697937908,2.3032220369352587,1898.0566201831311,16.592682942647848,2385,0
96.17295831588127,100.99550474536653,223.68407994788896,2.266337703133646,1383.210380936703,17.574417212802047,3306,0
88.42725346377703,72.91460628817043,203.30478910650962,2.888466952063694,1741.2904406559296,14.630590693943198,3024,0
89.56753219153784,115.10198826927996,174.08611781952635,2.7125976935739002,2118.0269219725997,16.807740803935022,7145,1
90.69767280232205,98.44845447252841,208.3905036795736,4.340200530635945,1784.5431214426062,13.663049090910016,8571,0
89.47708560017315,91.78591131303328,152.34266218970913,3.2236994036928555,1950.927110587124,21.16145607025979,1718,0
91.42722759867544,89.56084799506971,159.38714596180816,2.1220419133097663,1704.37550542616,12.562362689634043,8662,0
98.29152530132431,92.28443259886126,164.78525691900748,5.268528822186939,1491.0564454374464,21.315892288374936,5996,1
86.9652116970147,94.16897942703471,166.77555729839963,3.059169997824267,1762.996780786167,15.104663841268225,7943,0
92.09003757588512,95.16172468760045,153.5860589309937,3.922607611162676,1892.7142329097962,10.87346733129377,9995,0
84.10264305712774,94.44483572802758,210.57707667738313,2.2701281910662887,1603.293684161567,19.104238051465803,7163,0
99.40117215449473,90.716645450042,173.52863999075421,3.4357387532934283,1729.2866265429993,15.377704165184877,8595,0
78.2360769794073,88.42129263754138,188.812624208922,3.373331989371834,1518.1610274042052,17.553372295140715,1448,0
103.00940432910815,88.78981373077191,165.741215839658,0.7324208494846167,2135.7734752692286,18.67156775562778,5656,1
84.59842049355656,88.44073375717855,134.4849174862871,5.418330132552768,1711.66327272359,16.013866662435078,5389,1
70.69224897881952,99.07016077493651,186.75143395978554,4.548773353107056,2235.826663537855,13.223277465561557,2522,0
86.2810441491079,94.7484537782469,132.19362561450558,2.5233656206248147,2258.6243551622724,17.92714013300775,3728,0
78.1894834252512,66.47689092268575,178.2841488478633,1.6772763114529734,1775.6862105834768,15.002266522363787,2528,0
93.40643548988724,95.24720621223808,145.79212402917975,3.4170739365642624,1497.4653802357952,17.057573455825256,3133,0
78.4737602069761,91.5578895577502,229.6818999807702,3.1040372392972757,1174.230636679999,8.538808278625616,6257,0
80.5381656678522,89.85032994843282,202.78406805436805,3.4268027382758754,1358.3888780919624,16.340945151029555,8960,0
66.10459269054469,86.89185237528892,182.643844781787,3.2298928754329075,1387.849552530402,13.08424252456491,8791,0
80.47693680750923,98.99290175988811,211.5926669413667,3.6074891871671113,2213.5408882384513,19.95992891153559,7913,0
60.76120673371044,97.58021169698286,158.8421005633566,4.736766839270167,1834.7473761680837,16.869262043667284,1514,0
69.16097176514276,83.81697865741113,193.5869844667523,3.6817238461543753,1916.8813572275963,15.71957323754789,6808,0
92.60414656144297,93.25641829699629,184.99526084296784,1.7404134013080708,1133.8736973194623,16.458929980050666,8821,0
92.85800158650832,82.22674612366971,186.60050203334174,4.635075423254943,1440.6100712348216,12.004677441369845,6735,0
89.25457561784965,78.96305468168856,211.8088375026692,4.968737476185945,2066.123932933886,19.869770071584163,3721,0
75.33023856870787,84.98626220328028,198.31230256949505,6.7824680814145015,1886.0322337147759,20.974111255250712,5415,1
84.5228864385802,96.89914777906208,187.21809157062557,1.6518071601124824,1755.8384163943208,16.17874053164465,854,0
84.96397460909432,97.6250003630087,138.6278140942926,3.29145841578033,1969.4527075800368,19.771210705720918,2447,0
73.41635310807457,94.10468336077834,155.9988426180134,0.5014815561732155,2290.7393418407446,13.292555403982398,826,0
100.0339830176715,95.80076629478398,176.9322766601069,3.663778987655051,1733.6872609388847,12.608659301325059,5023,1
93.77362290575671,94.12942629691966,182.3343093569163,2.342159642199873,1820.810940797421,15.122774246186768,2749,0
82.79035826170336,84.86814723821638,151.7449068831519,5.308134953789944,1857.7790756193915,16.304823115103694,2915,1
85.26885838994531,93.45538035739152,240.29191688946054,2.0704620359777017,2517.632890582198,13.818039956270638,9166,0
87.08382807947552,96.40327620182146,217.9098513813393,0.9729803544392861,1170.1931206742925,16.613304571105452,3379,0
64.58265131575709,96.03433063850859,195.05295800981207,2.4344835111569765,2004.9669044366424,15.919168446220242,3084,0
82.52822617479403,99.51130697179714,181.8009215320936,0.6294146745394351,1765.559325372281,12.005079674126835,3907,0
78.18015752002202,95.66643077760851,174.6947757524712,3.901319345408772,1970.031517855254,16.556379052355165,7976,0
74.98379990105084,92.81158566033267,156.20203849944411,0.5219003444924155,1602.7882338015827,17.590584727564565,6199,0
82.18899707114045,98.56120190653142,181.93701296297155,3.0341490974197907,1785.310490742465,15.514407952771172,707,0
102.97686526849523,89.78782992600752,186.44381350356878,0.5066258161725639,2013.4231738396486,18.457944309785077,6269,1
91.4084286126701,82.94500279017825,148.95598561295938,2.6156426345560297,2733.8730603131526,11.347788619509144,7890,0
79.28821010217203,88.69546428844988,188.35441043112243,4.972053786965441,2042.4108568206213,16.403851266395556,5673,0
90.72582781356158,84.0407788415484,176.1185237793813,3.432777469722954,1545.5803205908474,11.489157880809675,734,0
